seller_id,eligible_orders,late_orders,late_delivery_rate,dispatch_sla_breach_rate,median_processing_days,at_risk_order_value,platform_late_delivery_rate,priority_group
4869f7a5dfa277a7dca6462dcf3b52b2,1124,118,10.4982206405693950,5.5160142348754448,1.9525636574074072,26999.78,6.7730900798175599,Investigate Now
4a3ca9315b744ce9f8e9374361493884,1772,172,9.7065462753950339,8.6907449209932280,1.8626562500000001,23999.65,6.7730900798175599,Investigate Now
7c67e1448b00f6e969d365cea6b010ab,973,89,9.1469681397738952,29.7019527235354573,10.980625,21248.61,6.7730900798175599,Investigate Now
7d13fca15225358621be4086e1eb0964,558,64,11.4695340501792115,14.8745519713261649,3.089537037037037,15295.37,6.7730900798175599,Investigate Now
fa1c13f2614d7b5c4749cbc52fecda94,578,53,9.1695501730103806,7.9584775086505190,1.9478472222222223,15075.46,6.7730900798175599,Investigate Now
1025f0e2d44d7041d6cf58b6550e0bfa,910,72,7.9120879120879121,17.8021978021978022,3.0492245370370368,14281.76,6.7730900798175599,Investigate Now
1f50f920176fa81dab994f9023523100,1399,124,8.8634739099356683,10.8649035025017870,3.3106597222222223,11593.08,6.7730900798175599,Investigate Now
f7ba60f8c3f99e7ee4042fdef03b70c4,218,30,13.7614678899082569,0.91743119266055045872,1.7590104166666667,9862.99,6.7730900798175599,Investigate Now
712e6ed8aa4aa1fa65dab41fed5737e4,77,16,20.7792207792207792,19.4805194805194805,2.217627314814815,9738.98,6.7730900798175599,Investigate Now
620c87c171fb2a6dd6e8bb4dec959fc6,722,63,8.7257617728531856,7.4792243767313019,1.2494212962962963,9402.45,6.7730900798175599,Investigate Now
06a2c3af7b3aee5d69171b0e14f0ee87,389,74,19.0231362467866324,31.1053984575835476,2.34171875,8622.19,6.7730900798175599,Investigate Now
8160255418d5aaa7dbdc9f4c64ebda44,380,52,13.6842105263157895,24.4736842105263158,2.221863425925926,8120.92,6.7730900798175599,Investigate Now
2eb70248d66e0e3ef83659f71b244378,187,21,11.2299465240641711,32.0855614973262032,9.604039351851853,7342.57,6.7730900798175599,Investigate Now
88460e8ebdecbfecb5f9601833981930,246,42,17.0731707317073171,47.5609756097560976,5.927118055555556,6963.09,6.7730900798175599,Investigate Now
522620dcb18a6b31cd7bdf73665113a9,172,15,8.7209302325581395,5.2325581395348837,1.7866550925925926,6902.02,6.7730900798175599,Investigate Now
fe2032dab1a61af8794248c8196565c9,293,26,8.8737201365187713,6.4846416382252560,1.0360185185185187,6507.43,6.7730900798175599,Investigate Now
855668e0971d4dfd7bef1b6a4133b41b,300,38,12.6666666666666667,18.3333333333333333,3.341834490740741,6482.42,6.7730900798175599,Investigate Now
17e34d8224d27a541263c4c64b11a56b,247,19,7.6923076923076923,8.9068825910931174,1.4462847222222222,6305.56,6.7730900798175599,Investigate Now
7ddcbb64b5bc1ef36ca8c151f6ec77df,325,27,8.3076923076923077,0.92307692307692307692,1.6918344907407405,6265.03,6.7730900798175599,Investigate Now
b33e7c55446eabf8fe1a42d037ac7d6d,149,17,11.4093959731543624,0.67114093959731543624,1.603778935185185,5965.92,6.7730900798175599,Investigate Now
4e922959ae960d389249c378d1c939f5,412,37,8.9805825242718447,10.9223300970873786,2.5027546296296297,5836.35,6.7730900798175599,Investigate Now
8581055ce74af1daba164fdbd55a40de,379,31,8.1794195250659631,5.0131926121372032,2.3455439814814816,5607.54,6.7730900798175599,Investigate Now
634964b17796e64304cadf1ad3050fb7,265,25,9.4339622641509434,10.1886792452830189,2.484398148148148,5404.65,6.7730900798175599,Investigate Now
218d46b86c1881d022bce9c68a7d4b15,382,33,8.6387434554973822,4.1884816753926702,1.137175925925926,5246.75,6.7730900798175599,Investigate Now
25c5c91f63607446a97b143d2d535d31,156,11,7.0512820512820513,16.0256410256410256,3.699872685185185,5070.00,6.7730900798175599,Investigate Now
ea566164622c6b439516ab18062c42cd,50,9,18.0000000000000000,8.0000000000000000,1.9992824074074074,4881.68,6.7730900798175599,Investigate Now
59b22a78efb79a4797979612b885db36,125,14,11.2000000000000000,4.8000000000000000,1.2117708333333332,4871.83,6.7730900798175599,Investigate Now
7142540dd4c91e2237acb7e911c4eba2,316,23,7.2784810126582278,6.0126582278481013,1.7149652777777777,4801.48,6.7730900798175599,Investigate Now
04308b1ee57b6625f47df1d56f00eedf,92,7,7.6086956521739130,28.2608695652173913,4.048668981481481,4788.81,6.7730900798175599,Investigate Now
77530e9772f57a62c906e1c21538ab82,312,29,9.2948717948717949,1.6025641025641026,1.532673611111111,4743.95,6.7730900798175599,Investigate Now
729f06993dac8e860d4f02d7088ca48a,94,9,9.5744680851063830,2.1276595744680851,1.7001099537037039,4697.49,6.7730900798175599,Investigate Now
ea8482cd71df3c1969d7b9473ff13abc,1132,96,8.4805653710247350,7.6855123674911661,2.7315972222222222,4683.11,6.7730900798175599,Investigate Now
17f51e7198701186712e53a39c564617,56,5,8.9285714285714286,14.2857142857142857,11.617962962962963,4476.91,6.7730900798175599,Investigate Now
391fc6631aebcf3004804e51b40bcf1e,521,45,8.6372360844529750,6.1420345489443378,2.4714930555555554,4476.80,6.7730900798175599,Investigate Now
900ba814c251a692506d7834c1218441,86,12,13.9534883720930233,17.4418604651162791,3.252002314814815,4426.03,6.7730900798175599,Investigate Now
edb1ef5e36e0c8cd84eb3c9b003e486d,165,12,7.2727272727272727,0.60606060606060606061,1.0878472222222222,4413.35,6.7730900798175599,Investigate Now
cd68562d3f44870c08922d380acae552,122,19,15.5737704918032787,14.7540983606557377,2.543784722222222,4364.84,6.7730900798175599,Investigate Now
f5a590cf36251cf1162ea35bef76fe84,113,8,7.0796460176991150,11.5044247787610619,1.3031944444444445,4273.99,6.7730900798175599,Investigate Now
c3867b4666c7d76867627c2f7fb22e21,228,25,10.9649122807017544,4.3859649122807018,1.6100694444444446,4254.84,6.7730900798175599,Investigate Now
70a12e78e608ac31179aea7f8422044b,312,29,9.2948717948717949,17.3076923076923077,2.6008449074074074,4246.57,6.7730900798175599,Investigate Now
7ad32824caee82087b3e2e5f33b1bf32,147,19,12.9251700680272109,3.4013605442176871,1.043564814814815,4133.31,6.7730900798175599,Investigate Now
54965bbe3e4f07ae045b90b0b8541f52,73,22,30.1369863013698630,53.4246575342465753,6.617685185185185,4009.33,6.7730900798175599,Investigate Now
6039e27294dc75811c0d8a39069f52c0,63,11,17.4603174603174603,34.9206349206349206,6.040416666666666,3982.05,6.7730900798175599,Investigate Now
e59aa562b9f8076dd550fcddf0e73491,69,6,8.6956521739130435,5.7971014492753623,1.2105381944444444,3892.26,6.7730900798175599,Investigate Now
c826c40d7b19f62a09e2d7c5e7295ee2,346,26,7.5144508670520231,6.6473988439306358,1.7484722222222222,3856.32,6.7730900798175599,Investigate Now
76d5af76d0271110f9af36c92573f765,128,12,9.3750000000000000,13.2812500000000000,1.685,3707.06,6.7730900798175599,Investigate Now
7e1fb0a3ebfb01ffb3a7dae98bf3238d,155,18,11.6129032258064516,1.2903225806451613,0.9417708333333333,3608.64,6.7730900798175599,Investigate Now
1835b56ce799e6a4dc4eddc053f04066,417,43,10.3117505995203837,2.3980815347721823,1.2614409722222222,3491.57,6.7730900798175599,Investigate Now
a416b6a846a11724393025641d4edd5e,157,17,10.8280254777070064,12.1019108280254777,2.4041319444444444,3357.68,6.7730900798175599,Investigate Now
8f2ce03f928b567e3d56181ae20ae952,151,19,12.5827814569536424,5.2980132450331126,2.720480324074074,3348.66,6.7730900798175599,Investigate Now
7b0df942f46435babab05d49b744b2c4,32,3,9.3750000000000000,3.1250000000000000,1.0786342592592593,3192.88,6.7730900798175599,Investigate Now
e9bc59e7b60fc3063eb2290deda4cced,209,16,7.6555023923444976,26.3157894736842105,4.066805555555556,3181.29,6.7730900798175599,Investigate Now
0b35c634521043bf4b47e21547b99ab5,50,8,16.0000000000000000,8.0000000000000000,1.5986747685185185,3011.81,6.7730900798175599,Investigate Now
9c0e69c7bf2619675bbadf47b43f655a,151,13,8.6092715231788079,23.1788079470198675,3.352951388888889,2897.71,6.7730900798175599,Investigate Now
b2ba3715d723d245138f291a6fe42594,324,22,6.7901234567901235,23.7654320987654321,4.902847222222222,2812.83,6.7730900798175599,Investigate Now
8b321bb669392f5163d04c59e235e066,930,81,8.7096774193548387,4.7311827956989247,1.4663368055555557,2788.00,6.7730900798175599,Investigate Now
16090f2ca825584b5a147ab24aa30c86,398,32,8.0402010050251256,5.2763819095477387,0.9272974537037038,2741.36,6.7730900798175599,Investigate Now
897060da8b9a21f655304d50fd935913,304,32,10.5263157894736842,6.5789473684210526,2.1993287037037037,2583.38,6.7730900798175599,Investigate Now
1ca7077d890b907f89be8c954a02686a,108,18,16.6666666666666667,50.9259259259259259,5.591469907407408,2573.99,6.7730900798175599,Investigate Now
ad781527c93d00d89a11eecd9dcad7c1,38,12,31.5789473684210526,47.3684210526315789,6.728298611111111,2511.61,6.7730900798175599,Investigate Now
05f51e13da97139648b8125c31e5f51b,57,9,15.7894736842105263,19.2982456140350877,2.9600578703703704,2501.32,6.7730900798175599,Investigate Now
7aa4334be125fcdd2ba64b3180029f14,214,25,11.6822429906542056,35.9813084112149533,3.9985416666666667,2470.02,6.7730900798175599,Investigate Now
f62d7bb4a613ec758a03342d46b580b2,32,3,9.3750000000000000,15.6250000000000000,5.167372685185185,2429.66,6.7730900798175599,Investigate Now
66e0557ecc2b4dbea057e93f215f68d8,30,6,20.0000000000000000,26.6666666666666667,15.166863425925925,2365.57,6.7730900798175599,Investigate Now
903037660cf848a717166eb7a06d616e,44,5,11.3636363636363636,9.0909090909090909,1.5425868055555556,2334.49,6.7730900798175599,Investigate Now
0dd184061fb0eaa7ca37932c68ab91c5,161,17,10.5590062111801242,9.3167701863354037,2.3995486111111113,2295.38,6.7730900798175599,Investigate Now
c60b801f2d52c7f7f91de00870882a75,39,6,15.3846153846153846,38.4615384615384615,5.762511574074074,2286.31,6.7730900798175599,Investigate Now
440dd6ab244315c632130ecfb63827b1,91,12,13.1868131868131868,9.8901098901098901,1.865474537037037,2241.70,6.7730900798175599,Investigate Now
431af27f296bc6519d890aa5a05fdb11,116,16,13.7931034482758621,25.8620689655172414,3.9666956018518515,2210.80,6.7730900798175599,Investigate Now
a49928bcdf77c55c6d6e05e09a9b4ca5,96,21,21.8750000000000000,55.2083333333333333,6.011759259259259,2203.11,6.7730900798175599,Investigate Now
6973a06f484aacf400ece213dbf3d946,89,13,14.6067415730337079,25.8426966292134831,4.656284722222222,2173.82,6.7730900798175599,Investigate Now
056b4ada5bbc2c50cc7842547dda6b51,64,7,10.9375000000000000,9.3750000000000000,1.7469675925925927,2161.75,6.7730900798175599,Investigate Now
527801b552d0077ffd170872eb49683b,90,9,10.0000000000000000,4.4444444444444444,1.6014814814814815,2125.73,6.7730900798175599,Investigate Now
cfb1a033743668a192316f3c6d1d2671,143,14,9.7902097902097902,11.1888111888111888,2.2428877314814812,2124.84,6.7730900798175599,Investigate Now
1900267e848ceeba8fa32d80c1a5f5a8,406,33,8.1280788177339901,5.4187192118226601,1.259212962962963,2116.96,6.7730900798175599,Investigate Now
e5a38146df062edaf55c38afa99e42dc,120,9,7.5000000000000000,4.1666666666666667,1.758912037037037,2094.18,6.7730900798175599,Investigate Now
7681ef142fd2c19048da7430856b5588,58,5,8.6206896551724138,3.4482758620689655,1.102378472222222,2048.12,6.7730900798175599,Investigate Now
00ee68308b45bc5e2660cd833c3f81cc,135,10,7.4074074074074074,0.74074074074074074074,1.1836747685185185,2037.39,6.7730900798175599,Investigate Now
aba1721a889e04decc910aa13b768ef4,83,6,7.2289156626506024,4.8192771084337349,1.154965277777778,2031.13,6.7730900798175599,Investigate Now
dd7ddc04e1b6c2c614352b383efe2d36,121,15,12.3966942148760331,36.3636363636363636,6.206012731481481,1971.25,6.7730900798175599,Investigate Now
2e90cb1677d35cfe24eef47d441b7c87,127,16,12.5984251968503937,5.5118110236220472,1.650590277777778,1960.97,6.7730900798175599,Investigate Now
23d7c96d4a1160db1c726b248601b25a,50,5,10.0000000000000000,10.0000000000000000,0.9699189814814815,1883.42,6.7730900798175599,Investigate Now
adbc26658d6c7b4b6219f9d934598091,88,12,13.6363636363636364,23.8636363636363636,2.933101851851852,1824.61,6.7730900798175599,Investigate Now
99eaacc9e6046db1c82b163c5f84869f,63,7,11.1111111111111111,14.2857142857142857,2.108229166666667,1823.15,6.7730900798175599,Investigate Now
165fc07beebdcb6190fba8a06db2a449,50,4,8.0000000000000000,8.0000000000000000,2.0290393518518517,1812.25,6.7730900798175599,Investigate Now
e5a3438891c0bfdb9394643f95273d8e,216,34,15.7407407407407407,17.5925925925925926,3.013055555555556,1755.06,6.7730900798175599,Investigate Now
75d34ebb1bd0bd7dde40dd507b8169c3,57,7,12.2807017543859649,19.2982456140350877,2.7087037037037036,1747.12,6.7730900798175599,Investigate Now
a3e9a2c700480d9bb01fba070ba80a0e,129,12,9.3023255813953488,7.7519379844961240,2.083483796296296,1720.18,6.7730900798175599,Investigate Now
8e6d7754bc7e0f22c96d255ebda59eba,84,11,13.0952380952380952,36.9047619047619048,4.201961805555555,1707.37,6.7730900798175599,Investigate Now
cee48807215b30a12ca2ca10ffb5f250,39,5,12.8205128205128205,25.6410256410256410,12.821678240740741,1686.27,6.7730900798175599,Investigate Now
de23c3b98a88888289c6f5cc1209054a,161,12,7.4534161490683230,2.4844720496894410,1.9011574074074074,1665.88,6.7730900798175599,Investigate Now
4c2b230173bb36f9b240f2b8ac11786e,258,24,9.3023255813953488,31.7829457364341085,4.855237268518518,1640.81,6.7730900798175599,Investigate Now
835f0f7810c76831d6c7d24c7a646d4d,42,11,26.1904761904761905,73.8095238095238095,8.597916666666666,1627.66,6.7730900798175599,Investigate Now
5058e8c1e82653974541e83690655b4a,62,7,11.2903225806451613,24.1935483870967742,14.41541087962963,1624.24,6.7730900798175599,Investigate Now
c31eff8334d6b3047ed34bebd4d62c36,120,14,11.6666666666666667,26.6666666666666667,4.352673611111111,1556.37,6.7730900798175599,Investigate Now
54a1852d1b8f10312c55e906355666ee,198,15,7.5757575757575758,2.5252525252525253,1.0361111111111112,1556.27,6.7730900798175599,Investigate Now
0d85bbda9889ce1f7e63778d24f346eb,51,6,11.7647058823529412,1.9607843137254902,2.3359953703703704,1552.53,6.7730900798175599,Investigate Now
beadbee30901a7f61d031b6b686095ad,64,15,23.4375000000000000,28.1250000000000000,3.225538194444445,1509.05,6.7730900798175599,Investigate Now
a673821011d0cec28146ea42f5ab767f,125,13,10.4000000000000000,16.8000000000000000,2.6018692129629626,1508.64,6.7730900798175599,Investigate Now
a888faf2d1baececa6baf9c3d603ee1f,53,5,9.4339622641509434,28.3018867924528302,5.937222222222222,1493.55,6.7730900798175599,Investigate Now
ff1fb4c404b2efe68b03350a8dc24122,46,6,13.0434782608695652,17.3913043478260870,1.095034722222222,1478.20,6.7730900798175599,Investigate Now
b499c00f28f4b7069ff6550af8c1348a,147,19,12.9251700680272109,18.3673469387755102,1.9166493055555556,1469.26,6.7730900798175599,Investigate Now
5343d0649eca2a983820bfe93fc4d17e,70,7,10.0000000000000000,1.4285714285714286,0.9061631944444445,1462.72,6.7730900798175599,Investigate Now
2089a6d640999f9b9141ac719b2af596,41,5,12.1951219512195122,24.3902439024390244,7.252222222222223,1443.05,6.7730900798175599,Investigate Now
2c9e548be18521d1c43cde1c582c6de8,124,19,15.3225806451612903,2.4193548387096774,1.2475231481481481,1426.73,6.7730900798175599,Investigate Now
f45122a9ab94eb4f3f8953578bc0c560,184,13,7.0652173913043478,0.54347826086956521739,0.8999305555555556,1425.23,6.7730900798175599,Investigate Now
dd55f1bb788714a40e7954c3be6df745,35,6,17.1428571428571429,8.5714285714285714,2.6247569444444445,1399.44,6.7730900798175599,Investigate Now
fffd5413c0700ac820c7069d66d98c89,57,7,12.2807017543859649,5.2631578947368421,1.5211053240740742,1383.89,6.7730900798175599,Investigate Now
ef0ace09169ac090589d85746e3e036f,128,10,7.8125000000000000,10.1562500000000000,2.779913194444444,1376.72,6.7730900798175599,Investigate Now
ef506c96320abeedfb894c34db06f478,316,25,7.9113924050632911,8.2278481012658228,2.177413194444444,1356.65,6.7730900798175599,Investigate Now
8b28d096634035667e8263d57ba3368c,139,15,10.7913669064748201,5.7553956834532374,1.960144675925926,1352.47,6.7730900798175599,Investigate Now
048c2757535328e0d7dac690ad3c0aae,50,6,12.0000000000000000,2.0000000000000000,2.289953703703704,1296.31,6.7730900798175599,Investigate Now
1da366cade6d8276e7d8beea7af5d4bf,42,3,7.1428571428571429,52.3809523809523810,6.711527777777778,1285.41,6.7730900798175599,Investigate Now
66922902710d126a0e7d26b0e3805106,150,11,7.3333333333333333,8.0000000000000000,2.3523958333333335,1283.18,6.7730900798175599,Investigate Now
ce7d1888639e6fb06b2749cbfdac1ff7,78,7,8.9743589743589744,2.5641025641025641,1.8976967592592593,1262.83,6.7730900798175599,Investigate Now
f27e33c6d29b5138fa9967bcd445b6d5,93,8,8.6021505376344086,19.3548387096774194,3.2205439814814816,1200.71,6.7730900798175599,Investigate Now
972d0f9cf61b499a4812cf0bfa3ad3c4,81,9,11.1111111111111111,33.3333333333333333,4.054699074074074,1182.24,6.7730900798175599,Investigate Now
5b8154610ebb21fb90eb587365e673df,37,4,10.8108108108108108,2.7027027027027027,1.6044328703703703,1163.15,6.7730900798175599,Investigate Now
3b15288545f8928d3e65a8f949a28291,101,7,6.9306930693069307,1.9801980198019802,2.5638078703703706,1159.18,6.7730900798175599,Investigate Now
bbad7e518d7af88a0897397ffdca1979,68,11,16.1764705882352941,36.7647058823529412,4.424618055555555,1149.74,6.7730900798175599,Investigate Now
1d8dbc4f32378d715c717c1c1fc57bae,91,8,8.7912087912087912,15.3846153846153846,3.3502199074074075,1149.53,6.7730900798175599,Investigate Now
2a261b5b644fa05f4f2700eb93544f2c,51,8,15.6862745098039216,1.9607843137254902,1.4294444444444443,1135.74,6.7730900798175599,Investigate Now
7040e82f899a04d1b434b795a43b4617,208,16,7.6923076923076923,4.8076923076923077,1.3251273148148148,1134.18,6.7730900798175599,Investigate Now
0bf0150d5b9d60d9cd2906003332f085,39,6,15.3846153846153846,28.2051282051282051,4.447980324074074,1133.41,6.7730900798175599,Investigate Now
b18dc380845b24038cfc48006478f099,43,5,11.6279069767441860,4.6511627906976744,1.2585300925925926,1121.24,6.7730900798175599,Investigate Now
2a1348e9addc1af5aaa619b1a3679d6b,48,13,27.0833333333333333,41.6666666666666667,3.563929398148148,1117.86,6.7730900798175599,Investigate Now
c9c7905cffc4ef9ff9f113554423e671,127,10,7.8740157480314961,4.7244094488188976,1.3860474537037037,1117.66,6.7730900798175599,Investigate Now
71039d19d4303bf9054d69e9a9236699,35,7,20.0000000000000000,5.7142857142857143,1.2908796296296297,1110.60,6.7730900798175599,Investigate Now
3db66a856d18a9cba7c9241fc5221c50,94,10,10.6382978723404255,24.4680851063829787,4.162864583333333,1096.63,6.7730900798175599,Investigate Now
6fd52c528dcb38be2eea044946b811f8,67,9,13.4328358208955224,28.3582089552238806,13.013680555555556,1065.02,6.7730900798175599,Investigate Now
891071be6ba827b591264c90c2ae8a63,85,12,14.1176470588235294,17.6470588235294118,1.9748668981481483,1043.65,6.7730900798175599,Investigate Now
b1fc4f64df5a0e8b6913ab38803c57a9,107,13,12.1495327102803738,38.3177570093457944,4.188703703703704,1043.62,6.7730900798175599,Investigate Now
34056b8b55c1775a22af2331670a799c,77,9,11.6883116883116883,6.4935064935064935,1.0151157407407407,960.35,6.7730900798175599,Investigate Now
99a54764c341d5dc80b4a8fac4eba3fb,44,5,11.3636363636363636,9.0909090909090909,1.0899652777777777,956.09,6.7730900798175599,Investigate Now
ce248b21cb2adc36282ede306b7660e5,64,5,7.8125000000000000,3.1250000000000000,1.2710069444444443,949.22,6.7730900798175599,Investigate Now
48436dade18ac8b2bce089ec2a041202,134,10,7.4626865671641791,20.8955223880597015,3.8488078703703703,936.30,6.7730900798175599,Investigate Now
cbd996ad3c1b7dc71fd0e5f5df9087e2,160,13,8.1250000000000000,3.1250000000000000,1.1521412037037038,930.72,6.7730900798175599,Investigate Now
f262cbc1c910c83959f849465454ddd3,189,14,7.4074074074074074,1.5873015873015873,0.9851504629629629,920.26,6.7730900798175599,Investigate Now
4371b634e0efc0e22b09b52907d9d469,101,7,6.9306930693069307,2.9702970297029703,1.0907407407407408,879.56,6.7730900798175599,Investigate Now
11305281b50fff20ae8bb473f8e11876,35,4,11.4285714285714286,5.7142857142857143,1.1820717592592593,876.01,6.7730900798175599,Investigate Now
e2aee0892199b1d92530e371abd825bf,36,5,13.8888888888888889,11.1111111111111111,1.3640914351851852,869.59,6.7730900798175599,Investigate Now
834f8533b2ecb6598dd004ff3de7203a,41,6,14.6341463414634146,48.7804878048780488,4.524131944444444,859.17,6.7730900798175599,Investigate Now
b561927807645834b59ef0d16ba55a24,85,12,14.1176470588235294,9.4117647058823529,2.9254166666666666,858.91,6.7730900798175599,Investigate Now
aac29b1b99776be73c3049939652091d,94,9,9.5744680851063830,6.3829787234042553,1.1993287037037037,857.22,6.7730900798175599,Investigate Now
d20b021d3efdf267a402c402a48ea64b,86,14,16.2790697674418605,18.6046511627906977,2.693605324074074,831.11,6.7730900798175599,Investigate Now
ede0c03645598cdfc63ca8237acbe73d,43,14,32.5581395348837209,18.6046511627906977,3.243912037037037,829.43,6.7730900798175599,Investigate Now
db2956745b3a8e9f3785c99f34b5d25e,45,4,8.8888888888888889,48.8888888888888889,6.461296296296297,825.39,6.7730900798175599,Investigate Now
37515688008a7a40ac93e3b2e4ab203f,227,18,7.9295154185022026,35.2422907488986784,4.657384259259259,820.79,6.7730900798175599,Investigate Now
624f4ece8da4aafb77699233d480f8ef,52,4,7.6923076923076923,15.3846153846153846,2.9969733796296296,815.97,6.7730900798175599,Investigate Now
50c9975695009e5e6473912e83a6d1da,50,7,14.0000000000000000,8.0000000000000000,3.0439236111111114,799.05,6.7730900798175599,Investigate Now
cac4c8e7b1ca6252d8f20b2fc1a2e4af,74,13,17.5675675675675676,29.7297297297297297,4.862476851851852,794.05,6.7730900798175599,Investigate Now
ba143b05f0110f0dc71ad71b4466ce92,83,10,12.0481927710843373,7.2289156626506024,1.888298611111111,771.69,6.7730900798175599,Investigate Now
8648b1e89e9b349e32d3741b30ec737e,93,9,9.6774193548387097,2.1505376344086022,1.0090972222222223,771.44,6.7730900798175599,Investigate Now
8b9d6eec4a7eb7d0f9d579ce0b38324d,48,7,14.5833333333333333,20.8333333333333333,1.7044675925925925,761.54,6.7730900798175599,Investigate Now
b17b679f4f5ce2e03ce6968c62648246,50,8,16.0000000000000000,18.0000000000000000,3.1353240740740738,757.16,6.7730900798175599,Investigate Now
3f3486b61f45078d4f31ee5e43d8c5bb,39,4,10.2564102564102564,5.1282051282051282,0.9729861111111111,745.83,6.7730900798175599,Investigate Now
b2479f944e1b90cf8a5de1bbfde284d6,101,12,11.8811881188118812,11.8811881188118812,2.0023726851851853,732.93,6.7730900798175599,Investigate Now
b2ac621f0d0322434d04a12b078b9369,30,3,10.0000000000000000,6.6666666666666667,2.410028935185185,723.40,6.7730900798175599,Investigate Now
11bfa66332777660bd0640ee84d47006,76,11,14.4736842105263158,3.9473684210526316,1.6161805555555557,723.36,6.7730900798175599,Investigate Now
82e0a475a88cc9595229d8029273f045,41,4,9.7560975609756098,9.7560975609756098,2.687650462962963,714.76,6.7730900798175599,Investigate Now
5d0363b33554b373851fc1622e4d5f3c,93,8,8.6021505376344086,9.6774193548387097,3.388796296296296,710.66,6.7730900798175599,Investigate Now
e62b2d6ac10570a035a30bafcf01d263,62,7,11.2903225806451613,30.6451612903225806,5.034670138888889,702.14,6.7730900798175599,Investigate Now
6a8b085f816a1f75f92dbac6eb545f8f,125,10,8.0000000000000000,2.4000000000000000,1.7125636574074075,691.52,6.7730900798175599,Investigate Now
b14db04aa7881970e83ffa9426897925,78,8,10.2564102564102564,37.1794871794871795,4.893061342592592,687.62,6.7730900798175599,Investigate Now
ececbfcff9804a2d6b40f589df8eef2b,97,9,9.2783505154639175,1.0309278350515464,1.0158912037037038,682.63,6.7730900798175599,Investigate Now
23c38debaffe4a25a30fdbd9b586a13f,41,5,12.1951219512195122,4.8780487804878049,1.5403819444444444,679.13,6.7730900798175599,Investigate Now
e8b4225284fbb02d16f200513f1f395d,30,3,10.0000000000000000,3.3333333333333333,0.8053819444444444,673.30,6.7730900798175599,Investigate Now
26d8a1c7c75d513045798992ead43aa2,34,3,8.8235294117647059,11.7647058823529412,2.4675925925925926,663.75,6.7730900798175599,Investigate Now
3df020b72d3d44b3af9d110fa3940b65,55,5,9.0909090909090909,1.8181818181818182,1.2158449074074076,662.89,6.7730900798175599,Investigate Now
e9d99831abad74458942f21e16f33f92,130,13,10.0000000000000000,13.0769230769230769,1.7462962962962965,661.96,6.7730900798175599,Investigate Now
0cbcee27c791afa0cdcb08587a2013a8,37,4,10.8108108108108108,2.7027027027027027,1.2935416666666666,660.38,6.7730900798175599,Investigate Now
f84a00e60c73a49e7e851c9bdca3a5bb,88,9,10.2272727272727273,3.4090909090909091,1.423258101851852,637.92,6.7730900798175599,Investigate Now
d93919c944be9cff128f6c9cb899eacb,33,5,15.1515151515151515,45.4545454545454545,4.11119212962963,636.94,6.7730900798175599,Investigate Now
f3da5b2ff499efb8d4a6d371d175d7dd,77,9,11.6883116883116883,6.4935064935064935,1.8800636574074074,627.66,6.7730900798175599,Investigate Now
f84fa566034f5e8e880a07ec624c56af,89,9,10.1123595505617978,21.3483146067415730,3.5467476851851854,598.96,6.7730900798175599,Investigate Now
d673a59aac7a70d8b01e6902bf090a11,79,6,7.5949367088607595,1.2658227848101266,1.3539930555555555,596.92,6.7730900798175599,Investigate Now
4559697a8f7e637227c2eeaed843baff,39,3,7.6923076923076923,5.1282051282051282,1.512013888888889,587.92,6.7730900798175599,Investigate Now
7a241947449cc45dbfda4f9d0798d9d0,56,4,7.1428571428571429,23.2142857142857143,1.9893171296296297,586.51,6.7730900798175599,Investigate Now
f46490624488d3ff7ce78613913a7711,80,9,11.2500000000000000,22.5000000000000000,1.740642361111111,585.03,6.7730900798175599,Investigate Now
d13e50eaa47b4cbe9eb81465865d8cfc,66,6,9.0909090909090909,13.6363636363636364,0.7545659722222222,574.56,6.7730900798175599,Investigate Now
4c498c7345e89aebad651544829beca0,47,5,10.6382978723404255,8.5106382978723404,1.711087962962963,572.13,6.7730900798175599,Investigate Now
318f287a62ab7ac10b703ac37435a231,51,5,9.8039215686274510,19.6078431372549020,2.765185185185185,552.90,6.7730900798175599,Investigate Now
ad420dd0c4f92f8af951ac24b86d0cf5,42,3,7.1428571428571429,4.7619047619047619,1.7115509259259258,543.48,6.7730900798175599,Investigate Now
7d76b645482be4a332374e8223836592,172,16,9.3023255813953488,12.2093023255813953,3.1913194444444444,539.88,6.7730900798175599,Investigate Now
d5ba419e26d246a0719437cf37d9b46d,33,3,9.0909090909090909,18.1818181818181818,1.9476273148148149,539.75,6.7730900798175599,Investigate Now
1336efc61c316ddf92c899eb817f7cae,74,6,8.1081081081081081,5.4054054054054054,2.6537905092592595,519.11,6.7730900798175599,Investigate Now
0ed6ce5d87fd9c69eaacaeb778d67235,42,6,14.2857142857142857,23.8095238095238095,3.603645833333333,509.06,6.7730900798175599,Investigate Now
93dc87703c046b603023e75222018b45,33,3,9.0909090909090909,24.2424242424242424,8.010636574074073,494.84,6.7730900798175599,Investigate Now
432c37c9dfba871172ec162e20118b8c,44,4,9.0909090909090909,15.9090909090909091,3.002060185185185,458.13,6.7730900798175599,Investigate Now
42b729f859728f5079499127a9c2ef37,103,8,7.7669902912621359,10.6796116504854369,1.3437557870370371,457.04,6.7730900798175599,Investigate Now
6b3bd31ad8fcda4b2635ec9f3ff2ecdf,35,3,8.5714285714285714,14.2857142857142857,1.5430555555555556,445.67,6.7730900798175599,Investigate Now
f0b47fbbc6dee9aafe415a6e33051b3f,67,7,10.4477611940298507,17.9104477611940299,2.084976851851852,443.03,6.7730900798175599,Investigate Now
406822777a0b9eb5c50e442dd4cd3ec5,44,5,11.3636363636363636,2.2727272727272727,1.4429456018518518,438.72,6.7730900798175599,Investigate Now
e067ad2c1c0b48758eb1b5228bcf7a68,54,4,7.4074074074074074,33.3333333333333333,5.722905092592592,433.20,6.7730900798175599,Investigate Now
56642bcb79900e777d68e91915cb4267,48,4,8.3333333333333333,10.4166666666666667,1.7584490740740741,431.70,6.7730900798175599,Investigate Now
a6fe7de3d16f6149ffe280349a8535a0,50,6,12.0000000000000000,22.0000000000000000,2.5942881944444443,424.84,6.7730900798175599,Investigate Now
fd386aa7bed2af3c7035c65506c9b4a3,69,7,10.1449275362318841,4.3478260869565217,0.6116145833333333,420.17,6.7730900798175599,Investigate Now
2d50d6282f8aa2257819a77bfaa0efe0,42,4,9.5238095238095238,4.7619047619047619,2.825613425925926,415.69,6.7730900798175599,Investigate Now
715bbd5ba4e6b74cb0d2f29eb45058b0,62,5,8.0645161290322581,3.2258064516129032,1.1634606481481482,414.85,6.7730900798175599,Investigate Now
2745f798279e0ed033addcc1474776d7,32,3,9.3750000000000000,15.6250000000000000,2.396255787037037,414.66,6.7730900798175599,Investigate Now
6f892e20a171e98efe17fdb971ff319b,41,4,9.7560975609756098,14.6341463414634146,3.7865972222222224,409.58,6.7730900798175599,Investigate Now
6a0cbc8af2e8abd1bdfb777943d174c6,34,3,8.8235294117647059,26.4705882352941176,1.8528182870370369,408.90,6.7730900798175599,Investigate Now
14d7985702e72162bbf13b6beb74ab2b,37,4,10.8108108108108108,5.4054054054054054,1.6497453703703704,398.89,6.7730900798175599,Investigate Now
070d165398b553f3b4b851c216b8a358,31,4,12.9032258064516129,19.3548387096774194,3.6977083333333334,393.42,6.7730900798175599,Investigate Now
3be634553519fb6536a03e1358e9fdc7,80,6,7.5000000000000000,12.5000000000000000,1.3102951388888888,382.77,6.7730900798175599,Investigate Now
6fc26fe110feebd80a433e1f012a84f9,35,4,11.4285714285714286,2.8571428571428571,2.099201388888889,380.06,6.7730900798175599,Investigate Now
643214e62b870443ccbe55ab29a4dccf,65,7,10.7692307692307692,9.2307692307692308,1.3488425925925926,377.45,6.7730900798175599,Investigate Now
6860153b69cc696d5dcfe1cdaaafcf62,74,6,8.1081081081081081,1.3513513513513514,1.032025462962963,367.68,6.7730900798175599,Investigate Now
23613d49c3ac2bd302259e55c06c050c,69,6,8.6956521739130435,39.1304347826086957,4.617453703703704,344.96,6.7730900798175599,Investigate Now
c8467937e403e76a8ee9f0ab13f6f5ef,30,4,13.3333333333333333,20.0000000000000000,3.8288831018518517,330.08,6.7730900798175599,Investigate Now
5c6d4016c2a288f074fa0848a2b653d2,31,3,9.6774193548387097,6.4516129032258065,1.840173611111111,325.11,6.7730900798175599,Investigate Now
8a130737016f838139d31878787a39c9,56,4,7.1428571428571429,5.3571428571428571,1.5083680555555556,317.08,6.7730900798175599,Investigate Now
002100f778ceb8431b7a1020ff7ab48f,50,9,18.0000000000000000,8.0000000000000000,2.575271990740741,302.51,6.7730900798175599,Investigate Now
e38db885400cd35c71dfd162f2c1dbcf,30,3,10.0000000000000000,10.0000000000000000,2.4023321759259257,264.97,6.7730900798175599,Investigate Now
f7ccf836d21b2fb1de37564105216cc1,69,5,7.2463768115942029,1.4492753623188406,1.14875,260.23,6.7730900798175599,Investigate Now
dd533b429f380718b70ad9922c294bae,39,4,10.2564102564102564,20.5128205128205128,3.666446759259259,251.57,6.7730900798175599,Investigate Now
1ce3ae5a399804d1a87e706f8a813c3e,40,3,7.5000000000000000,2.5000000000000000,1.184849537037037,247.14,6.7730900798175599,Investigate Now
e8f6dc8e6a1dcde89d20e3995c8d90b3,35,3,8.5714285714285714,20.0000000000000000,2.8317939814814816,246.30,6.7730900798175599,Investigate Now
20cb7c2fde3e5bf10f0bbe7394e1c6a9,31,3,9.6774193548387097,3.2258064516129032,1.1979861111111112,163.64,6.7730900798175599,Investigate Now
f214d28e8d8e3ef068748498ccc2f813,52,4,7.6923076923076923,7.6923076923076923,1.615642361111111,158.11,6.7730900798175599,Investigate Now
1caf283236cd69af44cbc09a0a1e7d32,33,3,9.0909090909090909,3.0303030303030303,1.416111111111111,151.15,6.7730900798175599,Investigate Now
c9aafcd0621b2207c10e32c649cada4d,40,3,7.5000000000000000,12.5000000000000000,2.1590682870370372,126.02,6.7730900798175599,Investigate Now
daeb5653dd96c1b11860f72209795012,38,3,7.8947368421052632,5.2631578947368421,2.049560185185185,102.82,6.7730900798175599,Investigate Now
da8622b14eb17ae2831f4ac5b9dab84a,1311,87,6.6361556064073227,4.5003813882532418,1.7471990740740742,13014.18,6.7730900798175599,Process Watch
955fee9216a65b617aa5c0531780ce60,1261,77,6.1062648691514671,0.71371927042030134814,1.3116435185185185,11418.15,6.7730900798175599,Process Watch
5dceca129747e92ff8ef7a997dc4f8ca,322,18,5.5900621118012422,4.3478260869565217,1.4395659722222223,9481.04,6.7730900798175599,Process Watch
7e93a43ef30c4f03f38b393420bc753a,319,15,4.7021943573667712,7.8369905956112853,1.2742592592592592,9079.28,6.7730900798175599,Process Watch
7a67c85e85bb2ce8582c35f2203ad736,1145,60,5.2401746724890830,2.7947598253275109,1.1100925925925926,8746.38,6.7730900798175599,Process Watch
6560211a19b47992c3666cc44a7e94c0,1819,96,5.2776250687190764,0.54975261132490379329,0.9216435185185186,8051.80,6.7730900798175599,Process Watch
53243585a1d6dc2643021fd1853d8905,348,12,3.4482758620689655,6.8965517241379310,2.571550925925926,7858.02,6.7730900798175599,Process Watch
46dc3b2cc0980fb8ec44634e21d2718e,503,29,5.7654075546719682,10.3379721669980119,2.0189583333333334,7857.11,6.7730900798175599,Process Watch
3d871de0142ce09b7081e2b9d1733cb1,1064,58,5.4511278195488722,12.8759398496240602,2.5016087962962965,7311.80,6.7730900798175599,Process Watch
cc419e0650a3c5ba77189a1882b7556a,1651,87,5.2695336159903089,0.72683222289521502120,1.994693287037037,7170.06,6.7730900798175599,Process Watch
a1043bafd471dff536d0c462352beb48,702,35,4.9857549857549858,0.71225071225071225071,1.2579166666666668,6858.61,6.7730900798175599,Process Watch
ccc4bbb5f32a6ab2b7066a4130f114e3,184,12,6.5217391304347826,4.8913043478260870,1.9593402777777778,4630.23,6.7730900798175599,Process Watch
cca3071e3e9bb7d12640c9fbe2301306,699,34,4.8640915593705293,6.7238912732474964,2.7979629629629628,3538.41,6.7730900798175599,Process Watch
e9779976487b77c6d4ac45f75ec7afe9,645,39,6.0465116279069767,6.3565891472868217,1.6394965277777778,3232.37,6.7730900798175599,Process Watch
7178f9f4dd81dcef02f62acdf8151e01,202,7,3.4653465346534653,9.4059405940594059,3.6496006944444446,3101.47,6.7730900798175599,Process Watch
f8db351d8c4c4c22c6835c19a46f01b0,659,28,4.2488619119878604,1.9726858877086495,0.9614236111111111,3031.57,6.7730900798175599,Process Watch
17a053fcb14bd219540cbde0df490be0,124,7,5.6451612903225806,16.9354838709677419,2.5605613425925924,2965.69,6.7730900798175599,Process Watch
abe42c5d03695b4257b5c6cbf4e6784e,49,8,16.3265306122448980,0E-20,1.3246180555555556,2918.23,6.7730900798175599,Process Watch
834f3294fba9f932f56edc879193f925,66,4,6.0606060606060606,6.0606060606060606,2.3532407407407407,2747.12,6.7730900798175599,Process Watch
ceaec5548eefc6e23e6607c5435102e7,198,10,5.0505050505050505,1.5151515151515152,2.2342303240740744,2669.10,6.7730900798175599,Process Watch
8444e55c1f13cd5c179851e5ca5ebd00,92,6,6.5217391304347826,23.9130434782608696,7.3342476851851846,2561.27,6.7730900798175599,Process Watch
7299e27ed73d2ad986de7f7c77d919fa,335,14,4.1791044776119403,1.4925373134328358,0.8512210648148149,2351.04,6.7730900798175599,Process Watch
1554a68530182680ad5c8b042c3ab563,246,15,6.0975609756097561,2.4390243902439024,1.6645138888888888,2302.93,6.7730900798175599,Process Watch
d23019c84ffae2d5ef2270367b8605fc,39,1,2.5641025641025641,2.5641025641025641,2.1726851851851854,2060.20,6.7730900798175599,Process Watch
4d6d651bd7684af3fffabd5f08d12e5a,363,14,3.8567493112947658,11.5702479338842975,2.984890046296296,2055.81,6.7730900798175599,Process Watch
c70c1b0d8ca86052f45a432a38b73958,260,14,5.3846153846153846,23.4615384615384615,2.7424999999999997,2044.17,6.7730900798175599,Process Watch
70eea00b476a314817cefde4aad4f89a,106,7,6.6037735849056604,3.7735849056603774,1.216597222222222,1944.88,6.7730900798175599,Process Watch
b32be1695eb7ec5f10f72d9610a12527,44,2,4.5454545454545455,18.1818181818181818,3.171261574074074,1917.18,6.7730900798175599,Process Watch
de722cd6dad950a92b7d4f82673f8833,337,12,3.5608308605341246,2.3738872403560831,1.1861863425925927,1882.14,6.7730900798175599,Process Watch
dc4a0fc896dc34b0d5bfec8438291c80,225,15,6.6666666666666667,6.2222222222222222,3.132650462962963,1876.20,6.7730900798175599,Process Watch
87142160b41353c4e5fca2360caf6f92,305,12,3.9344262295081967,7.2131147540983607,1.572326388888889,1810.44,6.7730900798175599,Process Watch
c847e075301870dd144a116762eaff9a,41,3,7.3170731707317073,0E-20,1.0025231481481482,1767.79,6.7730900798175599,Process Watch
001cca7ae9ae17fb1caed9dfb1094831,195,12,6.1538461538461538,5.6410256410256410,1.671863425925926,1757.65,6.7730900798175599,Process Watch
d1c281d3ae149232351cd8c8cc885f0d,214,14,6.5420560747663551,2.3364485981308411,1.0657060185185185,1725.61,6.7730900798175599,Process Watch
2528513dd95219a6013d4d05176e391a,160,6,3.7500000000000000,11.2500000000000000,1.1849131944444444,1687.09,6.7730900798175599,Process Watch
d91fb3b7d041e83b64a00a3edfb37e4f,524,20,3.8167938931297710,9.9236641221374046,1.8560706018518518,1613.79,6.7730900798175599,Process Watch
81a1104df0f08b59c68aa5b03cfe398e,72,3,4.1666666666666667,4.1666666666666667,1.341255787037037,1602.84,6.7730900798175599,Process Watch
d2374cbcbb3ca4ab1086534108cc3ab7,514,27,5.2529182879377432,9.5330739299610895,3.6634374999999997,1590.19,6.7730900798175599,Process Watch
a3a38f4affed601eb87a97788c949667,251,11,4.3824701195219124,1.1952191235059761,0.9833912037037037,1582.76,6.7730900798175599,Process Watch
6d66611d7c44cc30ce351abc49a68421,164,9,5.4878048780487805,10.3658536585365854,2.809976851851852,1578.16,6.7730900798175599,Process Watch
0241d4d5d36f10f80c644447315af0bd,238,11,4.6218487394957983,3.7815126050420168,1.2116319444444443,1551.74,6.7730900798175599,Process Watch
c003204e1ab016dfa150abc119207b24,195,10,5.1282051282051282,1.0256410256410256,0.8983564814814815,1472.05,6.7730900798175599,Process Watch
53e4c6e0f4312d4d2107a8c9cddf45cd,463,22,4.7516198704103672,20.9503239740820734,3.40494212962963,1469.48,6.7730900798175599,Process Watch
59fb871bf6f4522a87ba567b42dafecf,123,7,5.6910569105691057,13.8211382113821138,1.2111053240740741,1427.88,6.7730900798175599,Process Watch
966cb4760537b1404caedd472cc610a5,67,2,2.9850746268656716,4.4776119402985075,0.9674305555555556,1417.90,6.7730900798175599,Process Watch
e96498ed8daaa3e9c23f7a62da76591c,34,5,14.7058823529411765,0E-20,1.3690509259259258,1403.26,6.7730900798175599,Process Watch
37be5a7c751166fbc5f8ccba4119e043,269,7,2.6022304832713755,3.3457249070631970,2.2338078703703705,1396.37,6.7730900798175599,Process Watch
bfd27a966d91cfaafdb25d076585f0da,114,6,5.2631578947368421,0.87719298245614035088,1.4984837962962962,1281.11,6.7730900798175599,Process Watch
f457c46070d02cadd8a68551231220dd,195,11,5.6410256410256410,3.5897435897435897,1.8334895833333333,1280.71,6.7730900798175599,Process Watch
01cf7e3d21494c41fb86034f2e714fa1,59,3,5.0847457627118644,1.6949152542372881,1.9748726851851852,1278.39,6.7730900798175599,Process Watch
4b9750c8ad28220fe6702d4ecb7c898f,217,13,5.9907834101382488,5.5299539170506912,1.2435474537037037,1257.74,6.7730900798175599,Process Watch
6ec1a01e866584bb679eb9b098345919,30,6,20.0000000000000000,0E-20,1.862789351851852,1229.96,6.7730900798175599,Process Watch
9f505651f4a6abe901a56cdc21508025,393,16,4.0712468193384224,0.50890585241730279898,0.6778703703703703,1218.10,6.7730900798175599,Process Watch
96493fab2fbb13a14d0c0e8772eef5c3,63,4,6.3492063492063492,25.3968253968253968,4.291111111111111,1205.95,6.7730900798175599,Process Watch
ef990a83bbea832f36ebe81376335aa8,43,9,20.9302325581395349,0E-20,1.5647453703703704,1157.66,6.7730900798175599,Process Watch
fa40cc5b934574b62717c68f3d678b6d,304,16,5.2631578947368421,4.9342105263157895,2.080451388888889,1086.60,6.7730900798175599,Process Watch
2e1c9f22be269ef4643f826c9e650a52,161,10,6.2111801242236025,3.1055900621118012,1.3075462962962963,1072.77,6.7730900798175599,Process Watch
dbc22125167c298ef99da25668e1011f,394,10,2.5380710659898477,1.2690355329949239,0.8351620370370371,1072.48,6.7730900798175599,Process Watch
70c27847eca8195c983ed7e798c56743,77,5,6.4935064935064935,22.0779220779220779,4.624218750000001,1023.48,6.7730900798175599,Process Watch
128639473a139ac0f3e5f5ade55873a5,527,22,4.1745730550284630,8.7286527514231499,1.9939814814814816,1022.74,6.7730900798175599,Process Watch
0c8380b62e38e8a1e6adbeba7eb9688c,180,9,5.0000000000000000,10.0000000000000000,2.349814814814815,989.97,6.7730900798175599,Process Watch
213b25e6f54661939f11710a6fddb871,152,10,6.5789473684210526,34.8684210526315789,8.118721064814816,974.33,6.7730900798175599,Process Watch
3078096983cf766a32a06257648502d1,56,2,3.5714285714285714,1.7857142857142857,1.1126446759259259,955.31,6.7730900798175599,Process Watch
710e3548e02bc1d2831dfc4f1b5b14d4,131,5,3.8167938931297710,24.4274809160305344,1.2416319444444444,948.73,6.7730900798175599,Process Watch
05ff92fedb5be47920fea08e501238b9,57,2,3.5087719298245614,1.7543859649122807,1.091267361111111,920.81,6.7730900798175599,Process Watch
9de4643a8dbde634fe55621059d92273,72,2,2.7777777777777778,5.5555555555555556,2.9090451388888887,919.93,6.7730900798175599,Process Watch
1a3df491d1c4f1589fc2b934ada68bf2,160,6,3.7500000000000000,8.1250000000000000,3.2506886574074074,917.12,6.7730900798175599,Process Watch
602044f2c16190c2c6e45eb35c2e21cb,48,8,16.6666666666666667,0E-20,1.298125,914.86,6.7730900798175599,Process Watch
3c03b12bab54d8b37d79d914bfdb1aa0,37,6,16.2162162162162162,0E-20,1.0199189814814815,914.29,6.7730900798175599,Process Watch
282f23a9769b2690c5dda22e316f9941,98,4,4.0816326530612245,6.1224489795918367,2.8028819444444446,903.60,6.7730900798175599,Process Watch
c33847515fa6305ce6feb1e818569f13,114,4,3.5087719298245614,0.87719298245614035088,1.1149421296296296,894.18,6.7730900798175599,Process Watch
c8b0e2b0a7095e5d8219575d5e7e1181,84,6,7.1428571428571429,0E-20,0.8966319444444445,884.83,6.7730900798175599,Process Watch
41b39e28db005d9731d9d485a83b4c38,187,9,4.8128342245989305,5.3475935828877005,1.9861458333333335,883.14,6.7730900798175599,Process Watch
1f9ab4708f3056ede07124aad39a2554,76,4,5.2631578947368421,13.1578947368421053,2.211996527777778,846.72,6.7730900798175599,Process Watch
2138ccb85b11a4ec1e37afbd1c8eda1f,388,18,4.6391752577319588,4.8969072164948454,1.7803587962962963,841.03,6.7730900798175599,Process Watch
1c68394e931a64f90ea236c5ea590300,142,5,3.5211267605633803,9.8591549295774648,3.483888888888889,829.20,6.7730900798175599,Process Watch
0be8ff43f22e456b4e0371b2245e4d01,156,10,6.4102564102564103,4.4871794871794872,1.71078125,828.36,6.7730900798175599,Process Watch
b839e41795b7f3ad94cc2014a52f6796,33,1,3.0303030303030303,3.0303030303030303,0.9166550925925926,824.08,6.7730900798175599,Process Watch
6edacfd9f9074789dad6d62ba7950b9c,205,9,4.3902439024390244,2.9268292682926829,1.2355439814814815,817.01,6.7730900798175599,Process Watch
7ea5bfa6c340f58f8e71fc1f0412b0d6,96,6,6.2500000000000000,1.0416666666666667,1.6974537037037036,808.49,6.7730900798175599,Process Watch
44073f8b7e41514de3b7815dd0237f4f,142,5,3.5211267605633803,11.2676056338028169,1.736388888888889,798.64,6.7730900798175599,Process Watch
8d956fec2e4337affcb520f56fd8cbfd,210,13,6.1904761904761905,4.2857142857142857,0.9877777777777778,791.08,6.7730900798175599,Process Watch
f80edd2c5aaa505cc4b0a3b219abf4b8,116,6,5.1724137931034483,16.3793103448275862,2.1269212962962962,775.94,6.7730900798175599,Process Watch
d05ae8f7a5bd1d2a690a44cd079e4e27,77,5,6.4935064935064935,1.2987012987012987,1.830451388888889,739.74,6.7730900798175599,Process Watch
1b4c3a6f53068f0b6944d2d005c9fc89,111,5,4.5045045045045045,0.90090090090090090090,0.9713194444444444,736.50,6.7730900798175599,Process Watch
dc317f341ab0e22f39acbd9dbf9b4a1f,55,3,5.4545454545454545,3.6363636363636364,1.4197569444444444,730.08,6.7730900798175599,Process Watch
79ebd9a61bac3eaf882805ed4ecfa12a,133,6,4.5112781954887218,30.8270676691729323,5.392905092592592,725.61,6.7730900798175599,Process Watch
8e6cc767478edae941d9bd9eb778d77a,100,6,6.0000000000000000,37.0000000000000000,4.6953761574074075,718.10,6.7730900798175599,Process Watch
a7f13822ceb966b076af67121f87b063,73,3,4.1095890410958904,60.2739726027397260,10.292731481481482,709.91,6.7730900798175599,Process Watch
1127b7f2594683f2510f1c2c834a486b,110,2,1.8181818181818182,2.7272727272727273,1.730590277777778,708.27,6.7730900798175599,Process Watch
d6b1ce66b035a475f00c017792ff9769,92,5,5.4347826086956522,3.2608695652173913,1.868252314814815,706.05,6.7730900798175599,Process Watch
0b90b6df587eb83608a64ea8b390cf07,163,6,3.6809815950920245,3.0674846625766871,1.7657928240740741,702.18,6.7730900798175599,Process Watch
240b9776d844d37535668549a396af32,35,1,2.8571428571428571,11.4285714285714286,5.451041666666667,701.85,6.7730900798175599,Process Watch
4830e40640734fc1c52cd21127c341d4,204,10,4.9019607843137255,2.4509803921568627,1.1194791666666668,689.14,6.7730900798175599,Process Watch
1e8b33f18b4f7598d87f5cbee2282cc2,122,4,3.2786885245901639,2.4590163934426230,1.1024074074074073,683.91,6.7730900798175599,Process Watch
42bde9fef835393bb8a8849cb6b7f245,34,1,2.9411764705882353,2.9411764705882353,1.2661226851851852,678.85,6.7730900798175599,Process Watch
c3cfdc648177fdbbbb35635a37472c53,278,4,1.4388489208633094,1.0791366906474820,1.1594328703703705,678.27,6.7730900798175599,Process Watch
ec8879960bd2221d5c32f8e12f7da711,35,6,17.1428571428571429,0E-20,1.6165162037037037,669.77,6.7730900798175599,Process Watch
669ae81880e08f269a64487cfb287169,161,7,4.3478260869565217,2.4844720496894410,1.0227546296296297,669.20,6.7730900798175599,Process Watch
7b07b3c7487f0ea825fc6df75abd658b,91,4,4.3956043956043956,1.0989010989010989,1.400787037037037,660.93,6.7730900798175599,Process Watch
94144541854e298c2d976cb893b81343,68,3,4.4117647058823529,25.0000000000000000,3.8577256944444445,660.75,6.7730900798175599,Process Watch
bd0389da23d89b726abf911cccc54596,87,6,6.8965517241379310,0E-20,1.0041666666666667,649.96,6.7730900798175599,Process Watch
5f2684dab12e59f83bef73ae57724e45,67,4,5.9701492537313433,1.4925373134328358,1.8904282407407407,645.39,6.7730900798175599,Process Watch
1da3aeb70d7989d1e6d9b0e887f97c23,261,12,4.5977011494252874,3.4482758620689655,1.1671527777777777,637.85,6.7730900798175599,Process Watch
229c3efbfb0ea2058de4ccdfbc3d784a,118,2,1.6949152542372881,0.84745762711864406780,0.9730439814814815,630.03,6.7730900798175599,Process Watch
76d64c4aca3a7baf218bf93ef7fa768d,64,2,3.1250000000000000,1.5625000000000000,1.3289409722222223,625.69,6.7730900798175599,Process Watch
d9bd94811c3338dceb4181f3dbc0c73e,54,3,5.5555555555555556,1.8518518518518519,0.9332928240740741,624.69,6.7730900798175599,Process Watch
d50d79cb34e38265a8649c383dcffd48,70,3,4.2857142857142857,2.8571428571428571,0.9281944444444445,624.65,6.7730900798175599,Process Watch
e24fc9fcd865784fb25705606fe3dfe7,51,4,7.8431372549019608,0E-20,1.1168634259259258,623.06,6.7730900798175599,Process Watch
813348c996469b40f2e028d5429d3495,172,8,4.6511627906976744,2.3255813953488372,1.2907118055555555,622.77,6.7730900798175599,Process Watch
dd2bdf855a9172734fbc3744021ae9b9,105,6,5.7142857142857143,15.2380952380952381,3.2865740740740743,610.62,6.7730900798175599,Process Watch
9b013e03b2ab786505a1d3b5c0756754,170,7,4.1176470588235294,4.1176470588235294,1.721076388888889,601.24,6.7730900798175599,Process Watch
8e8a7ce9f2f970dc00e2acf6f6e199f6,63,4,6.3492063492063492,1.5873015873015873,1.4936284722222222,594.88,6.7730900798175599,Process Watch
1bb2bdb95f4841f1bba2c0d2cd83d3c9,79,5,6.3291139240506329,20.2531645569620253,3.8624305555555556,592.60,6.7730900798175599,Process Watch
a420f60ff1aa9acc80d0e42959f2b313,67,5,7.4626865671641791,0E-20,0.9129513888888889,588.88,6.7730900798175599,Process Watch
febab0275244b9a49a623f0bd613ca2f,106,4,3.7735849056603774,1.8867924528301887,0.9511226851851852,584.88,6.7730900798175599,Process Watch
1eade46fba20122dc4aefb379f8c636b,58,7,12.0689655172413793,0E-20,1.1121990740740741,578.07,6.7730900798175599,Process Watch
31344c16881c08a8a72c6d2eb29918c1,42,2,4.7619047619047619,7.1428571428571429,2.8517939814814817,575.42,6.7730900798175599,Process Watch
92eb0f42c21942b6552362b9b114707d,334,16,4.7904191616766467,26.6467065868263473,5.086087962962963,573.97,6.7730900798175599,Process Watch
06579cb253ecd5a3a12a9e6eb6bf8f47,61,4,6.5573770491803279,4.9180327868852459,1.5441666666666667,555.42,6.7730900798175599,Process Watch
4e17c65a516f69d023a2ae78b84f28d6,61,3,4.9180327868852459,13.1147540983606557,1.1846643518518518,552.46,6.7730900798175599,Process Watch
701938c450705b8ae65fc923b70f35c7,74,3,4.0540540540540541,13.5135135135135135,2.6610069444444444,551.95,6.7730900798175599,Process Watch
5656537e588803a555b8eb41f07a944b,171,10,5.8479532163742690,4.6783625730994152,0.9754513888888889,551.00,6.7730900798175599,Process Watch
5a8e7d5003a1f221f9e1d6e411de7c23,137,5,3.6496350364963504,5.8394160583941606,1.595949074074074,549.75,6.7730900798175599,Process Watch
85d9eb9ddc5d00ca9336a2219c97bb13,499,11,2.2044088176352705,13.2264529058116232,5.439386574074074,547.94,6.7730900798175599,Process Watch
688756f717c462a206ad854c5027a64a,81,3,3.7037037037037037,12.3456790123456790,4.168807870370371,545.78,6.7730900798175599,Process Watch
3fd1e727ba94cfe122d165e176ce7967,35,7,20.0000000000000000,0E-20,1.8545486111111111,530.48,6.7730900798175599,Process Watch
09f952a5f58d2285b0372551ae8f9b01,50,3,6.0000000000000000,10.0000000000000000,1.8303703703703704,526.40,6.7730900798175599,Process Watch
e8b3a3a38279a82f0e5d006d5e5b7d2c,80,3,3.7500000000000000,15.0000000000000000,5.046782407407408,522.17,6.7730900798175599,Process Watch
aafe36600ce604f205b86b5084d3d767,129,5,3.8759689922480620,4.6511627906976744,1.1259375,522.07,6.7730900798175599,Process Watch
7202e2ba20579a9bd1acb29e61fe71f6,51,2,3.9215686274509804,3.9215686274509804,1.0803761574074073,513.88,6.7730900798175599,Process Watch
2a7dc43cecabf23403078e2188437d1d,52,3,5.7692307692307692,13.4615384615384615,3.5063773148148147,510.34,6.7730900798175599,Process Watch
aced59e9b31ef866a94f9e7f29d8d418,61,2,3.2786885245901639,3.2786885245901639,2.0220023148148147,492.47,6.7730900798175599,Process Watch
1c129092bf23f28a5930387c980c0dfc,200,9,4.5000000000000000,25.0000000000000000,3.607135416666667,490.03,6.7730900798175599,Process Watch
a2e874074c877c5a05abae80ad6e488f,40,2,5.0000000000000000,15.0000000000000000,7.43082175925926,481.07,6.7730900798175599,Process Watch
382229d1e840115ffe3dbf5ff460e417,45,3,6.6666666666666667,2.2222222222222222,0.942488425925926,464.14,6.7730900798175599,Process Watch
dfc5fb7259bb2b599ca565e6e9448f0f,33,1,3.0303030303030303,12.1212121212121212,3.273252314814815,461.72,6.7730900798175599,Process Watch
6d803cb79cc31c41c4c789a75933b3c7,58,4,6.8965517241379310,0E-20,1.1339525462962963,453.99,6.7730900798175599,Process Watch
d94a40fd42351c259927028d163af842,100,3,3.0000000000000000,7.0000000000000000,1.9895659722222223,449.54,6.7730900798175599,Process Watch
b74d1c09cb380e1d03a6f859c6f4224b,30,4,13.3333333333333333,0E-20,0.788738425925926,448.55,6.7730900798175599,Process Watch
02f623a8eb246f3c5f7c2f96462654e6,44,3,6.8181818181818182,0E-20,0.6910590277777777,445.79,6.7730900798175599,Process Watch
dbb9b48c841a0e39e21f98e1a6b2ec3e,108,4,3.7037037037037037,5.5555555555555556,1.363125,440.15,6.7730900798175599,Process Watch
bd23da7354813347129d751591d1a6e2,86,2,2.3255813953488372,3.4883720930232558,1.4191087962962963,439.50,6.7730900798175599,Process Watch
d3f39f05462b79a4562d35893a28f159,33,4,12.1212121212121212,0E-20,0.8252777777777778,435.96,6.7730900798175599,Process Watch
80e6699fe29150b372a0c8a1ebf7dcc8,96,3,3.1250000000000000,3.1250000000000000,1.2457523148148149,423.82,6.7730900798175599,Process Watch
86ccac0b835037332a596a33b6949ee1,178,4,2.2471910112359551,2.2471910112359551,2.1408912037037036,423.37,6.7730900798175599,Process Watch
2a84855fd20af891be03bc5924d2b453,155,4,2.5806451612903226,3.2258064516129032,1.1369560185185186,417.73,6.7730900798175599,Process Watch
abcd2cb37d46c2c8fb1bf071c859fc5b,44,2,4.5454545454545455,4.5454545454545455,1.1814930555555556,415.58,6.7730900798175599,Process Watch
b39d7fe263ef469605dbb32608aee0af,43,2,4.6511627906976744,4.6511627906976744,1.7292013888888889,414.91,6.7730900798175599,Process Watch
670c26e0f1bf8d0576271d5cfaec6d2b,77,4,5.1948051948051948,1.2987012987012987,1.0004861111111112,414.05,6.7730900798175599,Process Watch
7e3f87d16fb353f408d467e74fbd8014,91,6,6.5934065934065934,1.0989010989010989,1.504513888888889,412.77,6.7730900798175599,Process Watch
63b464dbf392c7b80d12d932fa7cafed,36,2,5.5555555555555556,8.3333333333333333,4.0180439814814815,406.74,6.7730900798175599,Process Watch
0176f73cc1195f367f7b32db1e5b3aa8,37,4,10.8108108108108108,0E-20,1.4181828703703703,404.13,6.7730900798175599,Process Watch
9d4db00d65d7760644ac0c14edb5fd86,97,4,4.1237113402061856,1.0309278350515464,0.9704282407407407,402.40,6.7730900798175599,Process Watch
83deb69e889cf80f82be1dc6d5f2d486,40,2,5.0000000000000000,22.5000000000000000,4.35009837962963,399.89,6.7730900798175599,Process Watch
f181738b150df1f37cb0bd72e705b193,36,3,8.3333333333333333,0E-20,0.75953125,395.59,6.7730900798175599,Process Watch
d921b68bf747894be13a97ae52b0f386,77,1,1.2987012987012987,2.5974025974025974,0.762974537037037,393.29,6.7730900798175599,Process Watch
c66dccfb3f109511246da627dd5a2498,44,2,4.5454545454545455,2.2727272727272727,1.04,388.39,6.7730900798175599,Process Watch
0adac9fbd9a2b63cccaac4f8756c1ca8,106,6,5.6603773584905660,15.0943396226415094,3.813900462962963,387.65,6.7730900798175599,Process Watch
4e7c18b98d84e05cbae3ff0ff03846c2,81,3,3.7037037037037037,3.7037037037037037,1.2281944444444444,385.39,6.7730900798175599,Process Watch
ff063b022a9a0aab91bad2c9088760b7,94,3,3.1914893617021277,6.3829787234042553,1.1688773148148148,381.65,6.7730900798175599,Process Watch
562fc2f2c2863ab7e79a9e4388a58a14,255,8,3.1372549019607843,2.7450980392156863,0.9929861111111111,379.83,6.7730900798175599,Process Watch
ebd2d60905fb58271facef5596b620d3,82,3,3.6585365853658537,4.8780487804878049,0.9363310185185185,377.49,6.7730900798175599,Process Watch
7dc8c42cc750eeafea6c85712ffee9bf,41,2,4.8780487804878049,14.6341463414634146,1.8978530092592591,373.86,6.7730900798175599,Process Watch
0db783cfcd3b73998abc6e10e59a102f,132,5,3.7878787878787879,10.6060606060606061,1.9070601851851852,373.25,6.7730900798175599,Process Watch
9e6229250fedbe05838fef417b74e7fb,73,2,2.7397260273972603,10.9589041095890411,2.342199074074074,366.91,6.7730900798175599,Process Watch
276677b5d08786d5dce7c2149dcce48b,31,2,6.4516129032258065,3.2258064516129032,1.2910300925925926,357.19,6.7730900798175599,Process Watch
3c7c4a49ec3c6550809089c6a2ca9370,139,8,5.7553956834532374,2.1582733812949640,1.318298611111111,355.64,6.7730900798175599,Process Watch
7008613ea464bad5cb9b83456e1e6a8f,123,6,4.8780487804878049,3.2520325203252033,1.9725578703703703,350.73,6.7730900798175599,Process Watch
18a349e75d307f4b4cc646a691ed4216,109,6,5.5045871559633028,4.5871559633027523,1.3391666666666666,348.13,6.7730900798175599,Process Watch
8a32e327fe2c1b3511609d81aaf9f042,126,4,3.1746031746031746,3.1746031746031746,1.187783564814815,346.11,6.7730900798175599,Process Watch
aaed1309374718fdd995ee4c58c9dfcd,104,3,2.8846153846153846,2.8846153846153846,0.9904456018518519,343.52,6.7730900798175599,Process Watch
7722b1df1b0e383e000397b2c11e3e19,133,4,3.0075187969924812,2.2556390977443609,1.48640625,340.59,6.7730900798175599,Process Watch
5c243662ce92d84573bfaff24c3e3700,98,1,1.0204081632653061,5.1020408163265306,2.1321412037037035,340.49,6.7730900798175599,Process Watch
5cf13accae3222c70a9cac40818ae839,148,3,2.0270270270270270,0.67567567567567567568,1.2940277777777778,338.92,6.7730900798175599,Process Watch
b6d44737c043328708f6749c2dbe50bd,61,4,6.5573770491803279,1.6393442622950820,0.9297858796296297,338.13,6.7730900798175599,Process Watch
32b8764b4ef628b53608fc34011fcc13,36,1,2.7777777777777778,5.5555555555555556,1.449872685185185,337.33,6.7730900798175599,Process Watch
99002261c568a84cce14d43fcffb43ea,36,2,5.5555555555555556,47.2222222222222222,5.8735995370370375,335.57,6.7730900798175599,Process Watch
b8bc237ba3788b23da09c0f1f3a3288c,45,1,2.2222222222222222,2.2222222222222222,1.0101041666666666,335.48,6.7730900798175599,Process Watch
45d33f715e24d15a6ccf5c17b3a23e3c,56,3,5.3571428571428571,21.4285714285714286,2.058622685185185,331.91,6.7730900798175599,Process Watch
b92e3c8f9738272ff7c59e111e108d7c,62,2,3.2258064516129032,9.6774193548387097,3.1235185185185186,331.42,6.7730900798175599,Process Watch
3c487ae8f8d7542beff5788e2e0aea83,30,1,3.3333333333333333,13.3333333333333333,2.2552488425925925,325.73,6.7730900798175599,Process Watch
640e21a7d01df7614a3b4923e990d40c,115,5,4.3478260869565217,3.4782608695652174,0.9123032407407408,323.20,6.7730900798175599,Process Watch
080102cd0a76b09e0dcf55fcacc60e05,122,5,4.0983606557377049,0.81967213114754098361,0.8780902777777777,320.61,6.7730900798175599,Process Watch
9646c3513289980f17226a2fc4720dbd,69,2,2.8985507246376812,1.4492753623188406,1.529965277777778,316.72,6.7730900798175599,Process Watch
b4a476fbd28de64b1e347abf9089366a,30,2,6.6666666666666667,6.6666666666666667,2.7513715277777777,311.54,6.7730900798175599,Process Watch
0ffa40d54288e4f3499b8780dd0f144f,33,4,12.1212121212121212,0E-20,1.5700694444444443,311.32,6.7730900798175599,Process Watch
066a6914e1ebf3ea95a216c73a986b91,66,2,3.0303030303030303,12.1212121212121212,2.1771354166666663,303.27,6.7730900798175599,Process Watch
a5cba26a62b8b4d0145b68b841e62e7f,53,1,1.8867924528301887,13.2075471698113208,3.033327546296296,302.66,6.7730900798175599,Process Watch
e333046ce6517bd8bb510291d44f0130,68,3,4.4117647058823529,1.4705882352941176,1.2008912037037036,302.22,6.7730900798175599,Process Watch
7d456afc660226829370f3173d14520c,55,2,3.6363636363636364,1.8181818181818182,1.096851851851852,296.48,6.7730900798175599,Process Watch
afe0067131b73e40875c9b6c10bd2e21,45,2,4.4444444444444444,20.0000000000000000,3.0624421296296296,288.08,6.7730900798175599,Process Watch
ac3508719a1d8f5b7614b798f70af136,101,2,1.9801980198019802,0.99009900990099009901,0.9538425925925926,287.96,6.7730900798175599,Process Watch
cab85505710c7cb9b720bceb52b01cee,201,4,1.9900497512437811,11.4427860696517413,1.9840277777777777,287.50,6.7730900798175599,Process Watch
dee656f0f566ed1aa85bd137c943f08f,92,4,4.3478260869565217,2.1739130434782609,1.0704456018518518,284.55,6.7730900798175599,Process Watch
5b179e9e8cc7ab6fd113a46ca584da81,34,2,5.8823529411764706,35.2941176470588235,3.244010416666667,283.20,6.7730900798175599,Process Watch
25e6ffe976bd75618accfe16cefcbd0d,106,3,2.8301886792452830,5.6603773584905660,1.1068981481481481,282.19,6.7730900798175599,Process Watch
fcb5ace8bcc92f75707dc0f01a27d269,59,2,3.3898305084745763,11.8644067796610169,3.197997685185185,282.18,6.7730900798175599,Process Watch
062ce95fa2ad4dfaedfc79260130565f,54,2,3.7037037037037037,20.3703703703703704,4.658113425925926,279.45,6.7730900798175599,Process Watch
827f8f69dfa529c561901c4f2e0f332f,91,6,6.5934065934065934,34.0659340659340659,4.642835648148148,266.79,6.7730900798175599,Process Watch
951e8cef368f09bb3f3d03c00ca4702c,62,4,6.4516129032258065,1.6129032258064516,1.451545138888889,265.05,6.7730900798175599,Process Watch
c6bda72e4dbf5c5866b13cb1810c6d03,59,2,3.3898305084745763,5.0847457627118644,0.9368981481481482,262.14,6.7730900798175599,Process Watch
289cdb325fb7e7f891c38608bf9e0962,109,2,1.8348623853211009,0.91743119266055045872,0.9887152777777778,261.62,6.7730900798175599,Process Watch
3ab971ce71839580d2ae5b4e40fe8044,35,2,5.7142857142857143,2.8571428571428571,1.3425868055555554,256.17,6.7730900798175599,Process Watch
db4350fd57ae30082dec7acbaacc17f9,136,5,3.6764705882352941,2.2058823529411765,1.5914814814814815,253.21,6.7730900798175599,Process Watch
98dac6635aee4995d501a3972e047414,89,4,4.4943820224719101,25.8426966292134831,2.750763888888889,252.78,6.7730900798175599,Process Watch
c013e57c075a06e5b5c48ee03c525719,42,2,4.7619047619047619,2.3809523809523810,0.9643518518518519,251.46,6.7730900798175599,Process Watch
744dac408745240a2c2528fb1b6028f3,78,1,1.2820512820512821,3.8461538461538462,1.0670717592592593,250.89,6.7730900798175599,Process Watch
8cbac7e12637ed9cffa18c7875207478,66,4,6.0606060606060606,6.0606060606060606,1.967025462962963,248.79,6.7730900798175599,Process Watch
3bdff180c7e1f6551a643b99c265a120,56,1,1.7857142857142857,1.7857142857142857,1.1392361111111111,245.84,6.7730900798175599,Process Watch
994f04b3718c2bab35c2adfa8afecd2a,47,3,6.3829787234042553,23.4042553191489362,3.2653703703703703,245.18,6.7730900798175599,Process Watch
3340ef1913fb70d28420f6ceb685c339,32,1,3.1250000000000000,9.3750000000000000,1.3240046296296297,243.98,6.7730900798175599,Process Watch
4a3ccda38b2129705f3fb522db62ca31,64,4,6.2500000000000000,14.0625000000000000,1.2696006944444445,239.58,6.7730900798175599,Process Watch
36a968b544695394e4e9d7572688598f,148,5,3.3783783783783784,20.2702702702702703,2.338130787037037,238.33,6.7730900798175599,Process Watch
537eb890efff034a88679788b647c564,158,6,3.7974683544303797,0.63291139240506329114,1.0421238425925927,238.28,6.7730900798175599,Process Watch
d98eec89afa3380e14463da2aabaea72,168,4,2.3809523809523810,5.3571428571428571,1.373778935185185,231.73,6.7730900798175599,Process Watch
cb3dd9ce66268c7a3ca7241ac70ab58c,48,2,4.1666666666666667,6.2500000000000000,4.4149768518518515,230.90,6.7730900798175599,Process Watch
2ff97219cb8622eaf3cd89b7d9c09824,87,3,3.4482758620689655,2.2988505747126437,0.9247337962962963,228.09,6.7730900798175599,Process Watch
f789d2c4f2c2eb38fc4373e7a4b35264,44,2,4.5454545454545455,2.2727272727272727,1.3675925925925927,226.99,6.7730900798175599,Process Watch
12b9676b00f60f3b700e83af21824c0e,133,1,0.75187969924812030075,0.75187969924812030075,4.238125,225.15,6.7730900798175599,Process Watch
8f119a0aee85c0c8fc534629734e94fd,75,3,4.0000000000000000,12.0000000000000000,3.2288136574074073,223.79,6.7730900798175599,Process Watch
a17f621c590ea0fab3d5d883e1630ec6,63,4,6.3492063492063492,3.1746031746031746,1.0650173611111111,222.92,6.7730900798175599,Process Watch
dbd66278cbfe1aa1000f90a217ca4695,85,3,3.5294117647058824,1.1764705882352941,0.6772337962962963,219.57,6.7730900798175599,Process Watch
33a6f4b1e7cdc205511e76ba1b6e0186,105,2,1.9047619047619048,1.9047619047619048,1.2423784722222222,219.47,6.7730900798175599,Process Watch
612170e34b97004b3ba37eae81836b4c,107,1,0.93457943925233644860,2.8037383177570093,4.122725694444444,217.22,6.7730900798175599,Process Watch
b4ffb71f0cb1b1c3d63fad021ecf93e1,143,3,2.0979020979020979,1.3986013986013986,1.0327314814814814,210.69,6.7730900798175599,Process Watch
f4aba7c0bca51484c30ab7bdc34bcdd1,108,6,5.5555555555555556,44.4444444444444444,2.6882407407407407,209.43,6.7730900798175599,Process Watch
0432ead42b6c8a0bdf68154add917fdf,82,2,2.4390243902439024,1.2195121951219512,0.9838483796296296,209.11,6.7730900798175599,Process Watch
58f1a6197ed863543e0136bdedb3fce2,42,1,2.3809523809523810,4.7619047619047619,2.7094444444444443,200.45,6.7730900798175599,Process Watch
b76dba6c951ab00dc4edf0a1aa88037e,157,5,3.1847133757961783,3.1847133757961783,1.2380324074074074,198.75,6.7730900798175599,Process Watch
0df3984f9dfb3d49ac6366acbd3bbb85,86,1,1.1627906976744186,2.3255813953488372,2.0517071759259258,194.91,6.7730900798175599,Process Watch
609e1a9a6c2539919b8205cf7c4e6ff0,87,1,1.1494252873563218,9.1954022988505747,1.4226331018518519,194.00,6.7730900798175599,Process Watch
4992e76a42cb3aad7a7047e0d3d7e729,56,3,5.3571428571428571,3.5714285714285714,0.8811342592592593,192.67,6.7730900798175599,Process Watch
6c177e38df6d3f34182b1f1d427231bf,53,1,1.8867924528301887,33.9622641509433962,6.0476273148148145,191.07,6.7730900798175599,Process Watch
dc8798cbf453b7e0f98745e396cc5616,35,2,5.7142857142857143,34.2857142857142857,4.370833333333334,188.02,6.7730900798175599,Process Watch
33a17d60c64393351ebf1ef860f4e0f2,43,1,2.3255813953488372,2.3255813953488372,2.293373842592593,186.04,6.7730900798175599,Process Watch
e26901d5ab434ce92fd9b5c256820a4e,197,3,1.5228426395939086,2.0304568527918782,2.1147569444444443,184.55,6.7730900798175599,Process Watch
b335c59ab742f751a85db9c411a86739,30,1,3.3333333333333333,26.6666666666666667,4.103559027777777,183.16,6.7730900798175599,Process Watch
0509040ea3fe50071181bbc359eb7738,87,4,4.5977011494252874,4.5977011494252874,1.2344560185185185,183.00,6.7730900798175599,Process Watch
ea67327e24487bdfac5fbfa37ea124df,32,1,3.1250000000000000,3.1250000000000000,1.0850462962962963,181.95,6.7730900798175599,Process Watch
870d0118f7a9d85960f29ad89d5d989a,45,2,4.4444444444444444,6.6666666666666667,1.7176967592592594,181.83,6.7730900798175599,Process Watch
4917cee8d902e13428c3ec4b1ca6f315,31,1,3.2258064516129032,19.3548387096774194,6.850104166666667,180.53,6.7730900798175599,Process Watch
530ec6109d11eaaf87999465c6afee01,94,1,1.0638297872340426,6.3829787234042553,0.8788541666666667,178.22,6.7730900798175599,Process Watch
cb8bcce248bb1fb274ba762d8b971456,66,1,1.5151515151515152,1.5151515151515152,1.066111111111111,176.23,6.7730900798175599,Process Watch
2a5b78b41cd05baeac8df54c6606b92c,46,1,2.1739130434782609,2.1739130434782609,0.9582581018518519,175.04,6.7730900798175599,Process Watch
0691148aee60ca47977c187804f935ae,47,1,2.1276595744680851,6.3829787234042553,1.1917997685185184,173.64,6.7730900798175599,Process Watch
bacb1f0ed56ad24198f5810d2b3fe9a5,38,1,2.6315789473684211,5.2631578947368421,1.0334201388888888,170.78,6.7730900798175599,Process Watch
ce27a3cc3c8cc1ea79d11e561e9bebb6,122,2,1.6393442622950820,3.2786885245901639,1.261880787037037,165.17,6.7730900798175599,Process Watch
8a432f4e5b471f8da497d7dc517666e2,95,2,2.1052631578947368,1.0526315789473684,0.7303356481481481,160.21,6.7730900798175599,Process Watch
9674754b5a0cb32b638cec001178f799,84,2,2.3809523809523810,5.9523809523809524,1.2679282407407406,158.68,6.7730900798175599,Process Watch
a3dd39f583bc80bd8c5901c95878921e,34,1,2.9411764705882353,8.8235294117647059,1.189664351851852,156.06,6.7730900798175599,Process Watch
f7720c4fa8e3aba4546301ab80ea1f1b,59,3,5.0847457627118644,3.3898305084745763,1.6922453703703704,153.97,6.7730900798175599,Process Watch
4c18691b6037662be2df78a765d98ab5,63,4,6.3492063492063492,3.1746031746031746,1.0781192129629629,151.39,6.7730900798175599,Process Watch
0c7533c71df861ec58ad7ff999ed0e8d,61,3,4.9180327868852459,14.7540983606557377,2.137488425925926,150.69,6.7730900798175599,Process Watch
55a5b51f93f2b70ea513f5a047b0262a,39,1,2.5641025641025641,7.6923076923076923,1.6156018518518518,150.09,6.7730900798175599,Process Watch
78c99c6dff4eeae5be99bf635ed21e3f,31,2,6.4516129032258065,9.6774193548387097,1.6690740740740742,145.58,6.7730900798175599,Process Watch
83e197e95a1bbabc8c75e883ed016c47,46,1,2.1739130434782609,6.5217391304347826,0.9462326388888889,142.89,6.7730900798175599,Process Watch
95f83f51203c626648c875dd41874c7f,50,2,4.0000000000000000,12.0000000000000000,2.998298611111111,139.35,6.7730900798175599,Process Watch
9d5a9018aee56acb367ba9c3f05d1d6a,66,1,1.5151515151515152,16.6666666666666667,3.668865740740741,137.67,6.7730900798175599,Process Watch
bf84056e679dbe9c69929847a40e338f,35,2,5.7142857142857143,17.1428571428571429,3.7213425925925927,135.65,6.7730900798175599,Process Watch
080199a181c46c657dc5aa235411be3b,79,1,1.2658227848101266,2.5316455696202532,1.6504398148148147,135.08,6.7730900798175599,Process Watch
c8b3445d737de6befde0c88ede534a5e,30,1,3.3333333333333333,3.3333333333333333,1.6982233796296295,133.38,6.7730900798175599,Process Watch
b56906f7fd1696e043f1bcce164c487b,40,2,5.0000000000000000,10.0000000000000000,1.2815046296296297,133.22,6.7730900798175599,Process Watch
9b00ed88b7fdb95d6ff76e27c1b52d16,46,3,6.5217391304347826,4.3478260869565217,1.42421875,132.30,6.7730900798175599,Process Watch
96804ea39d96eb908e7c3afdb671bb9e,37,1,2.7027027027027027,10.8108108108108108,1.6236689814814815,127.16,6.7730900798175599,Process Watch
2a6fbeaa7ab9e5d59a35841a8da71ce4,30,2,6.6666666666666667,13.3333333333333333,3.9343055555555555,126.09,6.7730900798175599,Process Watch
5f1dc28029d2c244352a68107ec2b542,62,1,1.6129032258064516,9.6774193548387097,2.1577430555555557,125.52,6.7730900798175599,Process Watch
fde0cc9ea29c8ccfc0a2c22256a58c71,35,1,2.8571428571428571,2.8571428571428571,1.08640625,123.82,6.7730900798175599,Process Watch
d1b65fc7debc3361ea86b5f14c68d2e2,39,1,2.5641025641025641,5.1282051282051282,0.9887615740740741,118.25,6.7730900798175599,Process Watch
33576ec5412fb5905d876f12f33bfde6,31,1,3.2258064516129032,22.5806451612903226,4.080960648148148,116.68,6.7730900798175599,Process Watch
d66c305afaec317ebee552073a674429,38,1,2.6315789473684211,13.1578947368421053,1.5778761574074074,115.42,6.7730900798175599,Process Watch
cce6ab8d1682639fe45ab70234f1665f,61,2,3.2786885245901639,13.1147540983606557,5.033321759259259,115.20,6.7730900798175599,Process Watch
709e16e2b25c7474d980076c6bfc4806,60,2,3.3333333333333333,3.3333333333333333,1.2046759259259259,111.00,6.7730900798175599,Process Watch
5d3bb11474a06bdc23fb9e89f1164ee0,31,1,3.2258064516129032,3.2258064516129032,1.1995717592592594,109.40,6.7730900798175599,Process Watch
0ea22c1cfbdc755f86b9b54b39c16043,234,2,0.85470085470085470085,2.1367521367521368,1.0316087962962963,103.13,6.7730900798175599,Process Watch
259f7b5e6e482c230e5bfaa670b6bb8f,136,2,1.4705882352941176,0.73529411764705882353,1.0388078703703705,102.51,6.7730900798175599,Process Watch
8bb48dc19fccaa8613b6229bf7f452a2,82,2,2.4390243902439024,2.4390243902439024,1.4332523148148149,100.43,6.7730900798175599,Process Watch
750303a20e9c56b2a6bc45cdce0b897d,53,2,3.7735849056603774,1.8867924528301887,0.8322569444444444,94.32,6.7730900798175599,Process Watch
dfa0c4c6229ab200a4a1336b4d7128ff,77,1,1.2987012987012987,1.2987012987012987,0.6927314814814814,92.89,6.7730900798175599,Process Watch
6481e96574816ead57975da2c0f6d80d,32,1,3.1250000000000000,3.1250000000000000,1.0451967592592593,92.78,6.7730900798175599,Process Watch
8c16d1f32a54d92897cc437244442e1b,108,1,0.92592592592592592593,1.8518518518518519,0.927337962962963,91.56,6.7730900798175599,Process Watch
7f7b8245c336066a1f9933c359f11d77,38,1,2.6315789473684211,2.6315789473684211,2.5980439814814815,90.75,6.7730900798175599,Process Watch
3d8fa2f5b647373c8620330c4e077a9f,42,1,2.3809523809523810,7.1428571428571429,2.591099537037037,89.45,6.7730900798175599,Process Watch
751bdc4d83a466c7206cd42e8f426b03,51,1,1.9607843137254902,7.8431372549019608,1.4380324074074073,87.80,6.7730900798175599,Process Watch
9add47bf45ce8e8c7db6b9cf670b1e09,41,1,2.4390243902439024,12.1951219512195122,2.0714467592592594,87.44,6.7730900798175599,Process Watch
113e3a788b935f48aad63e1c41dac1bd,39,2,5.1282051282051282,5.1282051282051282,1.8104050925925925,83.31,6.7730900798175599,Process Watch
e63e8bfa530fb16910dd6956e592bb81,41,2,4.8780487804878049,4.8780487804878049,1.5847337962962964,82.89,6.7730900798175599,Process Watch
729b2d09b2a0bdab221076327f13d050,48,2,4.1666666666666667,10.4166666666666667,2.7064525462962963,80.85,6.7730900798175599,Process Watch
822166ed1e47908f7cfb49946d03c726,69,1,1.4492753623188406,13.0434782608695652,2.266585648148148,76.17,6.7730900798175599,Process Watch
75fbb52eda0cbc24f479d3b2fbfa8d3e,38,2,5.2631578947368421,2.6315789473684211,1.5264351851851852,73.55,6.7730900798175599,Process Watch
bccf933e006e9b94a6184af782963e77,45,1,2.2222222222222222,2.2222222222222222,1.1150578703703704,65.50,6.7730900798175599,Process Watch
d12c926d74ceff0a90a21184466ce161,76,1,1.3157894736842105,1.3157894736842105,0.8853009259259259,60.69,6.7730900798175599,Process Watch
ca3bd7cd9f149df75950150d010fe4a2,68,1,1.4705882352941176,11.7647058823529412,4.656099537037037,57.13,6.7730900798175599,Process Watch
efcd8d2104f1a05d028af7bad20d974b,46,1,2.1739130434782609,2.1739130434782609,1.0959606481481483,56.78,6.7730900798175599,Process Watch
5f3ae9136c875522250f8184f253413a,42,2,4.7619047619047619,11.9047619047619048,1.0469270833333333,56.34,6.7730900798175599,Process Watch
cd06602b43d8800bd0afad514919d35c,43,2,4.6511627906976744,9.3023255813953488,3.7274305555555554,54.53,6.7730900798175599,Process Watch
1d4587203296c8f4ad134dc286fa6db0,40,1,2.5000000000000000,2.5000000000000000,0.8384895833333333,53.13,6.7730900798175599,Process Watch
17ca9b9e9b9ef8fdb529001b49ebb50f,115,1,0.86956521739130434783,8.6956521739130435,0.8172685185185186,50.07,6.7730900798175599,Process Watch
91f848e9f4be368f4318775aac733370,60,1,1.6666666666666667,1.6666666666666667,0.9000983796296296,43.71,6.7730900798175599,Process Watch
520b493b57809f446cb0a233bb3e25c7,63,1,1.5873015873015873,3.1746031746031746,1.1731828703703704,31.11,6.7730900798175599,Process Watch
138dbe45fc62f1e244378131a6801526,49,1,2.0408163265306122,2.0408163265306122,1.1197453703703704,25.13,6.7730900798175599,Process Watch
0ebd97a106433a45a4aebe57c1799778,31,0,0E-20,3.2258064516129032,1.5453935185185186,0,6.7730900798175599,Process Watch
fc906263ca5083d09dce42fe02247800,112,0,0E-20,0.89285714285714285714,1.1647974537037036,0,6.7730900798175599,Process Watch
fad44952713764836814be105382aee5,32,0,0E-20,9.3750000000000000,1.3827604166666667,0,6.7730900798175599,Process Watch
cc63f0dd2acba93ffed4fe9f8e0321fa,55,0,0E-20,5.4545454545454545,1.2581944444444444,0,6.7730900798175599,Process Watch
fa1a9dec3a9940c072684a46728bf1fc,55,0,0E-20,36.3636363636363636,4.559212962962963,0,6.7730900798175599,Process Watch
b410bdd36d5db7a65dcd42b7ead933b8,42,0,0E-20,2.3809523809523810,0.9524305555555556,0,6.7730900798175599,Process Watch
2b3e4a2a3ea8e01938cabda2a3e5cc79,52,0,0E-20,7.6923076923076923,1.7940740740740742,0,6.7730900798175599,Process Watch
48efc9d94a9834137efd9ea76b065a38,33,0,0E-20,84.8484848484848485,4.516018518518519,0,6.7730900798175599,Process Watch
b1ac6ea7895bc3dd6f0f6f4abbdd2821,38,0,0E-20,5.2631578947368421,2.816712962962963,0,6.7730900798175599,Process Watch
d566c37fa119d5e66c4e9052e83ee4ea,65,0,0E-20,1.5384615384615385,0.7269965277777778,0,6.7730900798175599,Process Watch
d57e18d5f73c7ccb7f7339b61166898d,61,0,0E-20,1.6393442622950820,1.044537037037037,0,6.7730900798175599,Process Watch
5cbbd5a299cab112b7bf23862255e43e,36,0,0E-20,8.3333333333333333,2.418483796296296,0,6.7730900798175599,Process Watch
bba74270a87732727b5a3b4fd9ac1c39,35,0,0E-20,2.8571428571428571,1.3499305555555556,0,6.7730900798175599,Process Watch
81f89e42267213cb94da7ddc301651da,46,0,0E-20,2.1739130434782609,1.9032696759259258,0,6.7730900798175599,Process Watch
f67efa3f0b6761102a7f8c6b7b571f5d,31,0,0E-20,3.2258064516129032,0.8585185185185186,0,6.7730900798175599,Process Watch
aae3bfea055532c57fb453ed3ec80b30,48,0,0E-20,8.3333333333333333,2.530717592592593,0,6.7730900798175599,Process Watch
6338ea67c41078a46ad99cc009654956,37,0,0E-20,21.6216216216216216,3.6411458333333333,0,6.7730900798175599,Process Watch
40d54b51e962dbe09cabbcfd33298dee,30,0,0E-20,6.6666666666666667,1.2065567129629629,0,6.7730900798175599,Process Watch
9baf5cb77970f539089d09a38bcec5c3,31,0,0E-20,9.6774193548387097,6.853865740740741,0,6.7730900798175599,Process Watch
5160d23075764e18e07c1f4a87fad743,33,0,0E-20,6.0606060606060606,2.2482175925925927,0,6.7730900798175599,Process Watch
4da0e408c99d2fdc2126dc9fce518060,44,0,0E-20,2.2727272727272727,0.9141782407407407,0,6.7730900798175599,Process Watch
f3b80352b986ab4d1057a4b724be19d0,86,0,0E-20,1.1627906976744186,1.9691145833333334,0,6.7730900798175599,Process Watch
31561f325664a8a7aba4c8d0c3a9b3db,36,0,0E-20,5.5555555555555556,1.498443287037037,0,6.7730900798175599,Process Watch
9616352088dcf83a7c06637f4ebf1c80,91,0,0E-20,4.3956043956043956,2.5312615740740743,0,6.7730900798175599,Process Watch
3bb548e3cb7f70f28e3f11ee9dce0e59,46,0,0E-20,8.6956521739130435,2.605584490740741,0,6.7730900798175599,Process Watch
06e5eefc71ec47ae763c5c6f8db7064f,90,0,0E-20,7.7777777777777778,1.0103703703703704,0,6.7730900798175599,Process Watch
e882b2a25a10b9c057cc49695f222c19,57,0,0E-20,10.5263157894736842,2.2936805555555555,0,6.7730900798175599,Process Watch
33ac3e28642ab8bda860a2f693000e78,34,0,0E-20,5.8823529411764706,2.166255787037037,0,6.7730900798175599,Process Watch
ed4acab38528488b65a9a9c603ff024a,31,0,0E-20,6.4516129032258065,2.98265625,0,6.7730900798175599,Process Watch
34d1ca11b242c0fee2c834ae8d788566,40,0,0E-20,2.5000000000000000,1.0474768518518518,0,6.7730900798175599,Process Watch
eeb6de78f79159600292e314a77cbd18,82,3,3.6585365853658537,0E-20,0.7715335648148148,5231.30,6.7730900798175599,Stable
2bf6a2c1e71bbd29a4ad64e6d3c3629f,30,2,6.6666666666666667,0E-20,0.9741435185185185,3759.52,6.7730900798175599,Stable
ba90964cff9b9e0e6f32b23b82465f7b,38,2,5.2631578947368421,0E-20,0.8788831018518519,3275.18,6.7730900798175599,Stable
b94cc9f10ddc85e4ba73a6f7974e7101,39,2,5.1282051282051282,0E-20,1.7343055555555555,1606.38,6.7730900798175599,Stable
004c9cd9d87a3c30c522c48c4fc07416,156,10,6.4102564102564103,0E-20,1.0707523148148148,1594.35,6.7730900798175599,Stable
850f4f8af5ea87287ac68de36e29107f,186,9,4.8387096774193548,0E-20,0.851724537037037,1463.06,6.7730900798175599,Stable
d650b663c3b5f6fb392b6326366efa9a,57,3,5.2631578947368421,0E-20,0.9917418981481481,1309.58,6.7730900798175599,Stable
01fdefa7697d26ad920e9e0346d4bd1b,128,7,5.4687500000000000,0E-20,1.1064583333333333,940.75,6.7730900798175599,Stable
058fd0aa2bfdb2274e05e1ae971dabb6,60,4,6.6666666666666667,0E-20,1.1265393518518518,580.82,6.7730900798175599,Stable
5b925e1d006e9476d738aa200751b73b,63,4,6.3492063492063492,0E-20,1.3662442129629628,568.40,6.7730900798175599,Stable
08633c14ef2db992c11f840f04fad4cd,74,4,5.4054054054054054,0E-20,0.8100578703703704,566.98,6.7730900798175599,Stable
45ba18c210d42734ec52c0c1c574e9ee,35,2,5.7142857142857143,0E-20,0.6347337962962963,558.08,6.7730900798175599,Stable
00fc707aaaad2d31347cf883cd2dfe10,103,4,3.8834951456310680,0E-20,1.8330092592592593,557.83,6.7730900798175599,Stable
95e03ca3d4146e4011985981aeb959b9,172,6,3.4883720930232558,0E-20,1.4235532407407407,431.95,6.7730900798175599,Stable
fdb9095204a334cd8872252ffec6f2db,46,3,6.5217391304347826,0E-20,1.0425347222222223,382.68,6.7730900798175599,Stable
c864036feaab8c1659f65ea4faebe1da,58,2,3.4482758620689655,0E-20,1.075943287037037,366.50,6.7730900798175599,Stable
6b243f80ed07b10f0e8aa0f21a205f3c,79,3,3.7974683544303797,0E-20,1.0607407407407408,340.58,6.7730900798175599,Stable
05d2173d43ea568aa0540eba70d2ca76,62,3,4.8387096774193548,0E-20,1.5383738425925926,331.49,6.7730900798175599,Stable
cd6efc47efaabf134f8bdb654e10b4f1,31,2,6.4516129032258065,0E-20,0.6392824074074074,325.23,6.7730900798175599,Stable
2dee2ce60de9709b1a24083217181a1f,54,1,1.8518518518518519,0E-20,1.1449479166666667,324.56,6.7730900798175599,Stable
516e7738bd8f735ac19a010ee5450d8d,74,2,2.7027027027027027,0E-20,0.8184953703703703,315.85,6.7730900798175599,Stable
72c5da29406b4234927b81855e7b64f6,31,1,3.2258064516129032,0E-20,0.6346064814814815,313.99,6.7730900798175599,Stable
6c7d50c24b3ccd2fd83b44d8bb34e073,112,2,1.7857142857142857,0E-20,1.9179629629629629,263.67,6.7730900798175599,Stable
43f8c9950d11ecd03a0304a49e010da6,41,2,4.8780487804878049,0E-20,1.1154861111111112,232.35,6.7730900798175599,Stable
6cd68b3ed6d59aaa9fece558ad360c0a,149,2,1.3422818791946309,0E-20,1.3265856481481482,228.12,6.7730900798175599,Stable
30a2f535bb48308f991d0b9ad4a8c4bb,71,2,2.8169014084507042,0E-20,0.9379398148148148,222.46,6.7730900798175599,Stable
0bae85eb84b9fb3bd773911e89288d54,136,1,0.73529411764705882353,0E-20,0.9302546296296297,207.73,6.7730900798175599,Stable
02f5837340d7eb4f653d676c7256523a,30,1,3.3333333333333333,0E-20,2.018755787037037,201.45,6.7730900798175599,Stable
376a891762bbdecbc02b4b6adec3fdda,57,2,3.5087719298245614,0E-20,0.7904513888888889,171.19,6.7730900798175599,Stable
bf3c6d2a28b2b5501e6c15448982dcc9,35,1,2.8571428571428571,0E-20,0.8149537037037037,159.21,6.7730900798175599,Stable
0ef83d7d83ed97cd2a0049ac8be5f88a,48,1,2.0833333333333333,0E-20,1.2099074074074074,157.43,6.7730900798175599,Stable
d9a84e1403de8da0c3aa531d6d108ba6,53,3,5.6603773584905660,0E-20,0.7833333333333333,156.49,6.7730900798175599,Stable
66dc1b1632bd6a3e508510c5b3492107,36,1,2.7777777777777778,0E-20,1.2237152777777778,155.63,6.7730900798175599,Stable
48162d548f5b1b11b9d29d1e01f75a61,66,1,1.5151515151515152,0E-20,1.0444328703703705,139.62,6.7730900798175599,Stable
3c4e0452bff7a2a788179488d3d77032,32,1,3.1250000000000000,0E-20,1.390503472222222,136.18,6.7730900798175599,Stable
5a93f3ab0ef4c84ed5e1b5dbf23978bc,38,1,2.6315789473684211,0E-20,2.7334085648148148,132.48,6.7730900798175599,Stable
20d83f3ef0e6925fd74bfd59170babf7,40,2,5.0000000000000000,0E-20,1.102175925925926,132.36,6.7730900798175599,Stable
381c83fdca332ea6afd896da20bf6e4a,46,1,2.1739130434782609,0E-20,1.83765625,125.20,6.7730900798175599,Stable
232a6014e7b10cba61c6c2b2ea6bb4b0,32,1,3.1250000000000000,0E-20,1.3588310185185184,121.09,6.7730900798175599,Stable
3586b8580d9c917874e053a1bb37b5ff,36,1,2.7777777777777778,0E-20,1.0070775462962964,110.18,6.7730900798175599,Stable
e0a366315b1b726b6c7832d664c0f530,43,1,2.3255813953488372,0E-20,0.9779629629629629,110.02,6.7730900798175599,Stable
974cf2cb8f4b7add98709c30df02fe10,30,1,3.3333333333333333,0E-20,0.6005439814814815,107.09,6.7730900798175599,Stable
1838dd9b8977065acf51d95e0053ea7a,62,2,3.2258064516129032,0E-20,1.0157928240740741,104.32,6.7730900798175599,Stable
4e06067cc08b3f41d837768d392c3ee3,31,1,3.2258064516129032,0E-20,1.054675925925926,98.06,6.7730900798175599,Stable
3f995f07c49d0d55a99d5c54957f7d81,43,1,2.3255813953488372,0E-20,0.9276331018518519,94.30,6.7730900798175599,Stable
c68fb906c8f4b4b946d8386bfa6e5467,45,1,2.2222222222222222,0E-20,0.9295833333333333,84.46,6.7730900798175599,Stable
25cf099de44674fde97473224f9d59ab,50,2,4.0000000000000000,0E-20,1.0337962962962963,81.54,6.7730900798175599,Stable
f00e21b1e91a79653163b7fd8f293ff1,31,1,3.2258064516129032,0E-20,0.9595601851851852,80.79,6.7730900798175599,Stable
cc5a78bbad32776dc4e3af205218368c,33,1,3.0303030303030303,0E-20,1.002326388888889,78.20,6.7730900798175599,Stable
1b8356dabde1d35e17cef975c3f82730,55,1,1.8181818181818182,0E-20,1.0682523148148149,75.17,6.7730900798175599,Stable
582d4f8675b945722eda7c0cb61ba4c7,59,1,1.6949152542372881,0E-20,0.8403993055555556,70.33,6.7730900798175599,Stable
4c03b9dd4c11ee2cb35c96c49efc9420,48,1,2.0833333333333333,0E-20,1.229855324074074,68.23,6.7730900798175599,Stable
594f9aaa48e5bf431f011ddc5669b0d5,37,1,2.7027027027027027,0E-20,0.7297106481481481,61.40,6.7730900798175599,Stable
18e694e0e48ed6f7aa3f24aade5fd697,31,1,3.2258064516129032,0E-20,0.8074305555555555,60.98,6.7730900798175599,Stable
725c32fa80c2faacc4fc88450d27314e,89,1,1.1235955056179775,0E-20,0.5172453703703703,51.72,6.7730900798175599,Stable
116ccb1a1604bc88e4d234a8c23f33de,61,2,3.2786885245901639,0E-20,1.0074421296296296,51.70,6.7730900798175599,Stable
8bd0f31cf0a614c658f6763bd02dea69,33,1,3.0303030303030303,0E-20,1.0379166666666666,49.72,6.7730900798175599,Stable
f680f85bee2d253556ac91be391d2c82,45,1,2.2222222222222222,0E-20,0.9425636574074074,43.28,6.7730900798175599,Stable
01fd077212124329bac32490e8ef80d9,31,1,3.2258064516129032,0E-20,0.8560185185185185,35.23,6.7730900798175599,Stable
b90e891671cffd9557f33a97dc523645,34,0,0E-20,0E-20,0.9079398148148148,0,6.7730900798175599,Stable
acce39e832338debb07b02385cde5967,44,0,0E-20,0E-20,0.9059375000000001,0,6.7730900798175599,Stable
65febd49fd28ec955651299159b1f527,33,0,0E-20,0E-20,0.6877488425925926,0,6.7730900798175599,Stable
325f3178fb58e2a9778334621eecdbf9,36,0,0E-20,0E-20,1.0562094907407409,0,6.7730900798175599,Stable
718539d38d07dd351c76db862760e2e2,35,0,0E-20,0E-20,1.3179398148148147,0,6.7730900798175599,Stable
57e632711dec9ec14ca7546769483e7e,62,0,0E-20,0E-20,1.0644444444444443,0,6.7730900798175599,Stable
bd4889b5e9133b35b66e42a8665cea5c,36,0,0E-20,0E-20,1.573402777777778,0,6.7730900798175599,Stable
e49c26c3edfa46d227d5121a6b6e4d37,34,0,0E-20,0E-20,0.6998263888888889,0,6.7730900798175599,Stable
6b90f847357d8981edd79a1eb1bf0acb,45,0,0E-20,0E-20,0.6444849537037036,0,6.7730900798175599,Stable
6df688df543f90e9b38f4319e75a9d88,39,0,0E-20,0E-20,1.0125810185185184,0,6.7730900798175599,Stable
3504c0cb71d7fa48d967e0e4c94d59d9,53,0,0E-20,0E-20,1.4052546296296295,0,6.7730900798175599,Stable
b372ee768ed69e46ca8cdbd267aa7a38,63,0,0E-20,0E-20,0.9413310185185185,0,6.7730900798175599,Stable
8ae520247981aa06bc94abddf5f46d34,65,0,0E-20,0E-20,0.6688773148148148,0,6.7730900798175599,Stable
b1a81260566c1bac3114a6d124413f27,51,0,0E-20,0E-20,0.44729166666666664,0,6.7730900798175599,Stable
